Workbook

Sheet Ürünler
A1: Barkod | B1: Yayın | C1: Sınıf | D1: Ders | E1: Genel Tür | F1: Tür | G1: Fiyat | H1: İnd | I1: Toplu | J1: Tanıtım Linki | K1: Yeni Barkodlar
A2: 9786256648630 | B2: Apotemi Yayınları | C2: Maarif TYT | D2: Türkçe | E2: Paragraf | F2: Soru Bankası | G2: 509 | H2: =IF(SUMIFS(İndirimler!$C$2:$C$210,İndirimler!$A$2:$A$210,B2,İndirimler!$B$2:$B$210,C2)>0,ROUND(G2*(1-SUMIFS(İndirimler!$C$2:$C$210,İndirimler!$A$2:$A$210,B2,İndirimler!$B$2:$B$210,C2)),2),"") -> 432.65 | I2: =IF(SUMIFS(İndirimler!$D$2:$D$210,İndirimler!$A$2:$A$210,B2,İndirimler!$B$2:$B$210,C2)>0,ROUND(G2*(1-SUMIFS(İndirimler!$D$2:$D$210,İndirimler!$A$2:$A$210,B2,İndirimler!$B$2:$B$210,C2)),2),"") -> 356.3
A3: 9786256712614 | B3: Bilgi Sarmal Yayınları | C3: Maarif TYT | D3: Türkçe | F3: Soru Bankası | G3: 539 | H3: =IF(SUMIFS(İndirimler!$C$2:$C$210,İndirimler!$A$2:$A$210,B3,İndirimler!$B$2:$B$210,C3)>0,ROUND(G3*(1-SUMIFS(İndirimler!$C$2:$C$210,İndirimler!$A$2:$A$210,B3,İndirimler!$B$2:$B$210,C3)),2),"") -> 458.15 | I3: =IF(SUMIFS(İndirimler!$D$2:$D$210,İndirimler!$A$2:$A$210,B3,İndirimler!$B$2:$B$210,C3)>0,ROUND(G3*(1-SUMIFS(İndirimler!$D$2:$D$210,İndirimler!$A$2:$A$210,B3,İndirimler!$B$2:$B$210,C3)),2),"") -> 377.3 | J3: https://online.fliphtml5.com/udqwy/etww/
A4: 9786259206219 | B4: Edebiyat Sokağı Yayınları | C4: Maarif TYT | D4: Türkçe | E4: Paragraf | F4: Soru Bankası | G4: 369 | H4: =IF(SUMIFS(İndirimler!$C$2:$C$210,İndirimler!$A$2:$A$210,B4,İndirimler!$B$2:$B$210,C4)>0,ROUND(G4*(1-SUMIFS(İndirimler!$C$2:$C$210,İndirimler!$A$2:$A$210,B4,İndirimler!$B$2:$B$210,C4)),2),"") -> 313.65 | I4: =IF(SUMIFS(İndirimler!$D$2:$D$210,İndirimler!$A$2:$A$210,B4,İndirimler!$B$2:$B$210,C4)>0,ROUND(G4*(1-SUMIFS(İndirimler!$D$2:$D$210,İndirimler!$A$2:$A$210,B4,İndirimler!$B$2:$B$210,C4)),2),"") -> 258.3
A5: 9786052758861 | B5: Limit | C5: Maarif TYT | D5: Türkçe | F5: Soru Bankası | G5: 480 | H5: =IF(SUMIFS(İndirimler!$C$2:$C$210,İndirimler!$A$2:$A$210,B5,İndirimler!$B$2:$B$210,C5)>0,ROUND(G5*(1-SUMIFS(İndirimler!$C$2:$C$210,İndirimler!$A$2:$A$210,B5,İndirimler!$B$2:$B$210,C5)),2),"") -> 408 | I5: =IF(SUMIFS(İndirimler!$D$2:$D$210,İndirimler!$A$2:$A$210,B5,İndirimler!$B$2:$B$210,C5)>0,ROUND(G5*(1-SUMIFS(İndirimler!$D$2:$D$210,İndirimler!$A$2:$A$210,B5,İndirimler!$B$2:$B$210,C5)),2),"") -> 336
A6: ORNEK00000257 | B6: Mikro Orijinal Yayınları | C6: Maarif TYT | D6: Türkçe | E6: Dil Bilgisi | F6: Soru Bankası | H6: =IF(SUMIFS(İndirimler!$C$2:$C$210,İndirimler!$A$2:$A$210,B6,İndirimler!$B$2:$B$210,C6)>0,ROUND(G6*(1-SUMIFS(İndirimler!$C$2:$C$210,İndirimler!$A$2:$A$210,B6,İndirimler!$B$2:$B$210,C6)),2),"") -> 0 | I6: =IF(SUMIFS(İndirimler!$D$2:$D$210,İndirimler!$A$2:$A$210,B6,İndirimler!$B$2:$B$210,C6)>0,ROUND(G6*(1-SUMIFS(İndirimler!$D$2:$D$210,İndirimler!$A$2:$A$210,B6,İndirimler!$B$2:$B$210,C6)),2),"") -> 0
A7: ORNEK00000263 | B7: Mikro Orijinal Yayınları | C7: Maarif TYT | D7: Türkçe | E7: Mikro | F7: Soru Bankası | H7: =IF(SUMIFS(İndirimler!$C$2:$C$210,İndirimler!$A$2:$A$210,B7,İndirimler!$B$2:$B$210,C7)>0,ROUND(G7*(1-SUMIFS(İndirimler!$C$2:$C$210,İndirimler!$A$2:$A$210,B7,İndirimler!$B$2:$B$210,C7)),2),"") -> 0 | I7: =IF(SUMIFS(İndirimler!$D$2:$D$210,İndirimler!$A$2:$A$210,B7,İndirimler!$B$2:$B$210,C7)>0,ROUND(G7*(1-SUMIFS(İndirimler!$D$2:$D$210,İndirimler!$A$2:$A$210,B7,İndirimler!$B$2:$B$210,C7)),2),"") -> 0
A8: 9786255708427 | B8: Mikro Orijinal Yayınları | C8: Maarif TYT | D8: Türkçe | E8: Yazım ve Noktalama | F8: Soru Bankası | G8: 219 | H8: =IF(SUMIFS(İndirimler!$C$2:$C$210,İndirimler!$A$2:$A$210,B8,İndirimler!$B$2:$B$210,C8)>0,ROUND(G8*(1-SUMIFS(İndirimler!$C$2:$C$210,İndirimler!$A$2:$A$210,B8,İndirimler!$B$2:$B$210,C8)),2),"") -> 186.15 | I8: =IF(SUMIFS(İndirimler!$D$2:$D$210,İndirimler!$A$2:$A$210,B8,İndirimler!$B$2:$B$210,C8)>0,ROUND(G8*(1-SUMIFS(İndirimler!$D$2:$D$210,İndirimler!$A$2:$A$210,B8,İndirimler!$B$2:$B$210,C8)),2),"") -> 153.3
A9: 9786259205748 | B9: Ulti Yayınları | C9: 9. Sınıf | D9: Türk Dili ve Edebiyatı | F9: Fasikül Set | G9: 549 | H9: =IF(SUMIFS(İndirimler!$C$2:$C$210,İndirimler!$A$2:$A$210,B9,İndirimler!$B$2:$B$210,C9)>0,ROUND(G9*(1-SUMIFS(İndirimler!$C$2:$C$210,İndirimler!$A$2:$A$210,B9,İndirimler!$B$2:$B$210,C9)),2),"") -> 466.65 | I9: =IF(SUMIFS(İndirimler!$D$2:$D$210,İndirimler!$A$2:$A$210,B9,İndirimler!$B$2:$B$210,C9)>0,ROUND(G9*(1-SUMIFS(İndirimler!$D$2:$D$210,İndirimler!$A$2:$A$210,B9,İndirimler!$B$2:$B$210,C9)),2),"") -> 384.3 | J9: https://online.fliphtml5.com/kbscf/eahn/
A10: 9786256040229 | B10: Çap Yayınları | C10: 9. Sınıf | D10: Türk Dili ve Edebiyatı | F10: Fasikül Set | G10: 565 | H10: =IF(SUMIFS(İndirimler!$C$2:$C$210,İndirimler!$A$2:$A$210,B10,İndirimler!$B$2:$B$210,C10)>0,ROUND(G10*(1-SUMIFS(İndirimler!$C$2:$C$210,İndirimler!$A$2:$A$210,B10,İndirimler!$B$2:$B$210,C10)),2),"") -> 480.25 | I10: =IF(SUMIFS(İndirimler!$D$2:$D$210,İndirimler!$A$2:$A$210,B10,İndirimler!$B$2:$B$210,C10)>0,ROUND(G10*(1-SUMIFS(İndirimler!$D$2:$D$210,İndirimler!$A$2:$A$210,B10,İndirimler!$B$2:$B$210,C10)),2),"") -> 395.5 | J10: https://online.fliphtml5.com/chncu/mibj/
A11: ORNEK00000036 | B11: Bilgi Sarmal Yayınları | C11: 9. Sınıf | D11: Türk Dili ve Edebiyatı | E11: Tema | F11: Konu Anlatımlı | H11: =IF(SUMIFS(İndirimler!$C$2:$C$210,İndirimler!$A$2:$A$210,B11,İndirimler!$B$2:$B$210,C11)>0,ROUND(G11*(1-SUMIFS(İndirimler!$C$2:$C$210,İndirimler!$A$2:$A$210,B11,İndirimler!$B$2:$B$210,C11)),2),"") -> 0 | I11: =IF(SUMIFS(İndirimler!$D$2:$D$210,İndirimler!$A$2:$A$210,B11,İndirimler!$B$2:$B$210,C11)>0,ROUND(G11*(1-SUMIFS(İndirimler!$D$2:$D$210,İndirimler!$A$2:$A$210,B11,İndirimler!$B$2:$B$210,C11)),2),"") -> 0
A12: 9786256630413 | B12: Eğitim Vadisi | C12: 9. Sınıf | D12: Türk Dili ve Edebiyatı | E12: TAK Tam Anlatım Kitabı | F12: Konu Anlatımlı | G12: 428 | H12: =IF(SUMIFS(İndirimler!$C$2:$C$210,İndirimler!$A$2:$A$210,B12,İndirimler!$B$2:$B$210,C12)>0,ROUND(G12*(1-SUMIFS(İndirimler!$C$2:$C$210,İndirimler!$A$2:$A$210,B12,İndirimler!$B$2:$B$210,C12)),2),"") -> 363.8 | I12: =IF(SUMIFS(İndirimler!$D$2:$D$210,İndirimler!$A$2:$A$210,B12,İndirimler!$B$2:$B$210,C12)>0,ROUND(G12*(1-SUMIFS(İndirimler!$D$2:$D$210,İndirimler!$A$2:$A$210,B12,İndirimler!$B$2:$B$210,C12)),2),"") -> 299.6 | J12: https://app.karakok.net/spShowFlip/1546
A13: 9786052756713 | B13: Limit | C13: 9. Sınıf | D13: Türk Dili ve Edebiyatı | F13: Konu Anlatımlı | G13: 669 | H13: =IF(SUMIFS(İndirimler!$C$2:$C$210,İndirimler!$A$2:$A$210,B13,İndirimler!$B$2:$B$210,C13)>0,ROUND(G13*(1-SUMIFS(İndirimler!$C$2:$C$210,İndirimler!$A$2:$A$210,B13,İndirimler!$B$2:$B$210,C13)),2),"") -> 568.65 | I13: =IF(SUMIFS(İndirimler!$D$2:$D$210,İndirimler!$A$2:$A$210,B13,İndirimler!$B$2:$B$210,C13)>0,ROUND(G13*(1-SUMIFS(İndirimler!$D$2:$D$210,İndirimler!$A$2:$A$210,B13,İndirimler!$B$2:$B$210,C13)),2),"") -> 468.3 | J13: https://online.fliphtml5.com/cotrr/kaoj/
A14: 9786256412958 | B14: Miray | C14: 9. Sınıf | D14: Türk Dili ve Edebiyatı | E14: Ders Anlatım Fasikülleri | F14: Konu Anlatımlı | G14: 800 | H14: =IF(SUMIFS(İndirimler!$C$2:$C$210,İndirimler!$A$2:$A$210,B14,İndirimler!$B$2:$B$210,C14)>0,ROUND(G14*(1-SUMIFS(İndirimler!$C$2:$C$210,İndirimler!$A$2:$A$210,B14,İndirimler!$B$2:$B$210,C14)),2),"") -> 680 | I14: =IF(SUMIFS(İndirimler!$D$2:$D$210,İndirimler!$A$2:$A$210,B14,İndirimler!$B$2:$B$210,C14)>0,ROUND(G14*(1-SUMIFS(İndirimler!$D$2:$D$210,İndirimler!$A$2:$A$210,B14,İndirimler!$B$2:$B$210,C14)),2),"") -> 560
A15: 9786259981284 | B15: Süre Yayınları | C15: 9. Sınıf | D15: Türk Dili ve Edebiyatı | F15: Konu Anlatımlı | G15: 539 | H15: =IF(SUMIFS(İndirimler!$C$2:$C$210,İndirimler!$A$2:$A$210,B15,İndirimler!$B$2:$B$210,C15)>0,ROUND(G15*(1-SUMIFS(İndirimler!$C$2:$C$210,İndirimler!$A$2:$A$210,B15,İndirimler!$B$2:$B$210,C15)),2),"") -> 458.15 | I15: =IF(SUMIFS(İndirimler!$D$2:$D$210,İndirimler!$A$2:$A$210,B15,İndirimler!$B$2:$B$210,C15)>0,ROUND(G15*(1-SUMIFS(İndirimler!$D$2:$D$210,İndirimler!$A$2:$A$210,B15,İndirimler!$B$2:$B$210,C15)),2),"") -> 377.3
A16: 9786256921481 | B16: 4K | C16: 9. Sınıf | D16: Türk Dili ve Edebiyatı | F16: Soru Bankası | G16: 402 | H16: =IF(SUMIFS(İndirimler!$C$2:$C$210,İndirimler!$A$2:$A$210,B16,İndirimler!$B$2:$B$210,C16)>0,ROUND(G16*(1-SUMIFS(İndirimler!$C$2:$C$210,İndirimler!$A$2:$A$210,B16,İndirimler!$B$2:$B$210,C16)),2),"") -> 341.7 | I16: =IF(SUMIFS(İndirimler!$D$2:$D$210,İndirimler!$A$2:$A$210,B16,İndirimler!$B$2:$B$210,C16)>0,ROUND(G16*(1-SUMIFS(İndirimler!$D$2:$D$210,İndirimler!$A$2:$A$210,B16,İndirimler!$B$2:$B$210,C16)),2),"") -> 281.4 | J16: https://app.karakok.net/spShowFlip/2140
A17: 9786256712157 | B17: Bilgi Sarmal Yayınları | C17: 9. Sınıf | D17: Türk Dili ve Edebiyatı | F17: Soru Bankası | G17: 329 | H17: =IF(SUMIFS(İndirimler!$C$2:$C$210,İndirimler!$A$2:$A$210,B17,İndirimler!$B$2:$B$210,C17)>0,ROUND(G17*(1-SUMIFS(İndirimler!$C$2:$C$210,İndirimler!$A$2:$A$210,B17,İndirimler!$B$2:$B$210,C17)),2),"") -> 279.65 | I17: =IF(SUMIFS(İndirimler!$D$2:$D$210,İndirimler!$A$2:$A$210,B17,İndirimler!$B$2:$B$210,C17)>0,ROUND(G17*(1-SUMIFS(İndirimler!$D$2:$D$210,İndirimler!$A$2:$A$210,B17,İndirimler!$B$2:$B$210,C17)),2),"") -> 230.3 | J17: https://online.fliphtml5.com/udqwy/tjur/
A18: 9786256630475 | B18: Eğitim Vadisi | C18: 9. Sınıf | D18: Türk Dili ve Edebiyatı | E18: TİK Tam İzleme Kitabı | F18: Soru Bankası | G18: 428 | H18: =IF(SUMIFS(İndirimler!$C$2:$C$210,İndirimler!$A$2:$A$210,B18,İndirimler!$B$2:$B$210,C18)>0,ROUND(G18*(1-SUMIFS(İndirimler!$C$2:$C$210,İndirimler!$A$2:$A$210,B18,İndirimler!$B$2:$B$210,C18)),2),"") -> 363.8 | I18: =IF(SUMIFS(İndirimler!$D$2:$D$210,İndirimler!$A$2:$A$210,B18,İndirimler!$B$2:$B$210,C18)>0,ROUND(G18*(1-SUMIFS(İndirimler!$D$2:$D$210,İndirimler!$A$2:$A$210,B18,İndirimler!$B$2:$B$210,C18)),2),"") -> 299.6 | J18: https://app.karakok.net/spShowFlip/1553
A19: 9786257532754 | B19: Hız ve Renk Yayınları | C19: 9. Sınıf | D19: Türk Dili ve Edebiyatı | E19: HİT | F19: Soru Bankası | G19: 475 | H19: =IF(SUMIFS(İndirimler!$C$2:$C$210,İndirimler!$A$2:$A$210,B19,İndirimler!$B$2:$B$210,C19)>0,ROUND(G19*(1-SUMIFS(İndirimler!$C$2:$C$210,İndirimler!$A$2:$A$210,B19,İndirimler!$B$2:$B$210,C19)),2),"") -> 403.75 | I19: =IF(SUMIFS(İndirimler!$D$2:$D$210,İndirimler!$A$2:$A$210,B19,İndirimler!$B$2:$B$210,C19)>0,ROUND(G19*(1-SUMIFS(İndirimler!$D$2:$D$210,İndirimler!$A$2:$A$210,B19,İndirimler!$B$2:$B$210,C19)),2),"") -> 332.5 | J19: https://online.fliphtml5.com/udqwy/ftqu/
A20: 9786052756782 | B20: Limit | C20: 9. Sınıf | D20: Türk Dili ve Edebiyatı | F20: Soru Bankası | G20: 626 | H20: =IF(SUMIFS(İndirimler!$C$2:$C$210,İndirimler!$A$2:$A$210,B20,İndirimler!$B$2:$B$210,C20)>0,ROUND(G20*(1-SUMIFS(İndirimler!$C$2:$C$210,İndirimler!$A$2:$A$210,B20,İndirimler!$B$2:$B$210,C20)),2),"") -> 532.1 | I20: =IF(SUMIFS(İndirimler!$D$2:$D$210,İndirimler!$A$2:$A$210,B20,İndirimler!$B$2:$B$210,C20)>0,ROUND(G20*(1-SUMIFS(İndirimler!$D$2:$D$210,İndirimler!$A$2:$A$210,B20,İndirimler!$B$2:$B$210,C20)),2),"") -> 438.2 | J20: https://online.fliphtml5.com/cotrr/cewx/
A21: 9786256412835 | B21: Miray | C21: 9. Sınıf | D21: Türk Dili ve Edebiyatı | E21: Tematik | F21: Soru Bankası | G21: 493 | H21: =IF(SUMIFS(İndirimler!$C$2:$C$210,İndirimler!$A$2:$A$210,B21,İndirimler!$B$2:$B$210,C21)>0,ROUND(G21*(1-SUMIFS(İndirimler!$C$2:$C$210,İndirimler!$A$2:$A$210,B21,İndirimler!$B$2:$B$210,C21)),2),"") -> 419.05 | I21: =IF(SUMIFS(İndirimler!$D$2:$D$210,İndirimler!$A$2:$A$210,B21,İndirimler!$B$2:$B$210,C21)>0,ROUND(G21*(1-SUMIFS(İndirimler!$D$2:$D$210,İndirimler!$A$2:$A$210,B21,İndirimler!$B$2:$B$210,C21)),2),"") -> 345.1
A22: 9786256040502 | B22: Çap Yayınları | C22: 9. Sınıf | D22: Türk Dili ve Edebiyatı | E22: Tematik | F22: Soru Bankası | G22: 519 | H22: =IF(SUMIFS(İndirimler!$C$2:$C$210,İndirimler!$A$2:$A$210,B22,İndirimler!$B$2:$B$210,C22)>0,ROUND(G22*(1-SUMIFS(İndirimler!$C$2:$C$210,İndirimler!$A$2:$A$210,B22,İndirimler!$B$2:$B$210,C22)),2),"") -> 441.15 | I22: =IF(SUMIFS(İndirimler!$D$2:$D$210,İndirimler!$A$2:$A$210,B22,İndirimler!$B$2:$B$210,C22)>0,ROUND(G22*(1-SUMIFS(İndirimler!$D$2:$D$210,İndirimler!$A$2:$A$210,B22,İndirimler!$B$2:$B$210,C22)),2),"") -> 363.3
A23: 9786258160406 | B23: ENS Yayınları | C23: 9. Sınıf | D23: Türk Dili ve Edebiyatı | F23: Etkinlik Kitabı | G23: 329 | H23: =IF(SUMIFS(İndirimler!$C$2:$C$210,İndirimler!$A$2:$A$210,B23,İndirimler!$B$2:$B$210,C23)>0,ROUND(G23*(1-SUMIFS(İndirimler!$C$2:$C$210,İndirimler!$A$2:$A$210,B23,İndirimler!$B$2:$B$210,C23)),2),"") -> 279.65 | I23: =IF(SUMIFS(İndirimler!$D$2:$D$210,İndirimler!$A$2:$A$210,B23,İndirimler!$B$2:$B$210,C23)>0,ROUND(G23*(1-SUMIFS(İndirimler!$D$2:$D$210,İndirimler!$A$2:$A$210,B23,İndirimler!$B$2:$B$210,C23)),2),"") -> 230.3
A24: 9786258160895 | B24: ENS Yayınları | C24: 9. Sınıf | D24: Türk Dili ve Edebiyatı | F24: Etkinlik Kitabı | G24: 429 | H24: =IF(SUMIFS(İndirimler!$C$2:$C$210,İndirimler!$A$2:$A$210,B24,İndirimler!$B$2:$B$210,C24)>0,ROUND(G24*(1-SUMIFS(İndirimler!$C$2:$C$210,İndirimler!$A$2:$A$210,B24,İndirimler!$B$2:$B$210,C24)),2),"") -> 364.65 | I24: =IF(SUMIFS(İndirimler!$D$2:$D$210,İndirimler!$A$2:$A$210,B24,İndirimler!$B$2:$B$210,C24)>0,ROUND(G24*(1-SUMIFS(İndirimler!$D$2:$D$210,İndirimler!$A$2:$A$210,B24,İndirimler!$B$2:$B$210,C24)),2),"") -> 300.3
A25: 9786259052601 | B25: Ulti Yayınları | C25: 10. Sınıf | D25: Türk Dili ve Edebiyatı | F25: Fasikül Set | G25: 529 | H25: =IF(SUMIFS(İndirimler!$C$2:$C$210,İndirimler!$A$2:$A$210,B25,İndirimler!$B$2:$B$210,C25)>0,ROUND(G25*(1-SUMIFS(İndirimler!$C$2:$C$210,İndirimler!$A$2:$A$210,B25,İndirimler!$B$2:$B$210,C25)),2),"") -> 449.65 | I25: =IF(SUMIFS(İndirimler!$D$2:$D$210,İndirimler!$A$2:$A$210,B25,İndirimler!$B$2:$B$210,C25)>0,ROUND(G25*(1-SUMIFS(İndirimler!$D$2:$D$210,İndirimler!$A$2:$A$210,B25,İndirimler!$B$2:$B$210,C25)),2),"") -> 370.3 | J25: https://online.fliphtml5.com/kbscf/nfsd/
A26: 9786256040977 | B26: Çap Yayınları | C26: 10. Sınıf | D26: Türk Dili ve Edebiyatı | F26: Fasikül Set | G26: 589 | H26: =IF(SUMIFS(İndirimler!$C$2:$C$210,İndirimler!$A$2:$A$210,B26,İndirimler!$B$2:$B$210,C26)>0,ROUND(G26*(1-SUMIFS(İndirimler!$C$2:$C$210,İndirimler!$A$2:$A$210,B26,İndirimler!$B$2:$B$210,C26)),2),"") -> 500.65 | I26: =IF(SUMIFS(İndirimler!$D$2:$D$210,İndirimler!$A$2:$A$210,B26,İndirimler!$B$2:$B$210,C26)>0,ROUND(G26*(1-SUMIFS(İndirimler!$D$2:$D$210,İndirimler!$A$2:$A$210,B26,İndirimler!$B$2:$B$210,C26)),2),"") -> 412.3 | J26: https://online.fliphtml5.com/chncu/jgqp/
A27: ORNEK00000040 | B27: Bilgi Sarmal Yayınları | C27: 10. Sınıf | D27: Türk Dili ve Edebiyatı | E27: Tema | F27: Konu Anlatımlı | H27: =IF(SUMIFS(İndirimler!$C$2:$C$210,İndirimler!$A$2:$A$210,B27,İndirimler!$B$2:$B$210,C27)>0,ROUND(G27*(1-SUMIFS(İndirimler!$C$2:$C$210,İndirimler!$A$2:$A$210,B27,İndirimler!$B$2:$B$210,C27)),2),"") -> 0 | I27: =IF(SUMIFS(İndirimler!$D$2:$D$210,İndirimler!$A$2:$A$210,B27,İndirimler!$B$2:$B$210,C27)>0,ROUND(G27*(1-SUMIFS(İndirimler!$D$2:$D$210,İndirimler!$A$2:$A$210,B27,İndirimler!$B$2:$B$210,C27)),2),"") -> 0
A28: 9786256911680 | B28: Eğitim Vadisi | C28: 10. Sınıf | D28: Türk Dili ve Edebiyatı | E28: TAK Tam Anlatım Kitabı | F28: Konu Anlatımlı | G28: 376 | H28: =IF(SUMIFS(İndirimler!$C$2:$C$210,İndirimler!$A$2:$A$210,B28,İndirimler!$B$2:$B$210,C28)>0,ROUND(G28*(1-SUMIFS(İndirimler!$C$2:$C$210,İndirimler!$A$2:$A$210,B28,İndirimler!$B$2:$B$210,C28)),2),"") -> 319.6 | I28: =IF(SUMIFS(İndirimler!$D$2:$D$210,İndirimler!$A$2:$A$210,B28,İndirimler!$B$2:$B$210,C28)>0,ROUND(G28*(1-SUMIFS(İndirimler!$D$2:$D$210,İndirimler!$A$2:$A$210,B28,İndirimler!$B$2:$B$210,C28)),2),"") -> 263.2 | J28: https://app.karakok.net/spShowFlip/2166
A29: 9786052757567 | B29: Limit | C29: 10. Sınıf | D29: Türk Dili ve Edebiyatı | F29: Konu Anlatımlı | G29: 684 | H29: =IF(SUMIFS(İndirimler!$C$2:$C$210,İndirimler!$A$2:$A$210,B29,İndirimler!$B$2:$B$210,C29)>0,ROUND(G29*(1-SUMIFS(İndirimler!$C$2:$C$210,İndirimler!$A$2:$A$210,B29,İndirimler!$B$2:$B$210,C29)),2),"") -> 581.4 | I29: =IF(SUMIFS(İndirimler!$D$2:$D$210,İndirimler!$A$2:$A$210,B29,İndirimler!$B$2:$B$210,C29)>0,ROUND(G29*(1-SUMIFS(İndirimler!$D$2:$D$210,İndirimler!$A$2:$A$210,B29,İndirimler!$B$2:$B$210,C29)),2),"") -> 478.8 | J29: https://online.fliphtml5.com/cotrr/qanl/
A30: 9786256142176 | B30: Miray | C30: 10. Sınıf | D30: Türk Dili ve Edebiyatı | E30: Ders Anlatım Fasikülleri | F30: Konu Anlatımlı | G30: 820 | H30: =IF(SUMIFS(İndirimler!$C$2:$C$210,İndirimler!$A$2:$A$210,B30,İndirimler!$B$2:$B$210,C30)>0,ROUND(G30*(1-SUMIFS(İndirimler!$C$2:$C$210,İndirimler!$A$2:$A$210,B30,İndirimler!$B$2:$B$210,C30)),2),"") -> 697 | I30: =IF(SUMIFS(İndirimler!$D$2:$D$210,İndirimler!$A$2:$A$210,B30,İndirimler!$B$2:$B$210,C30)>0,ROUND(G30*(1-SUMIFS(İndirimler!$D$2:$D$210,İndirimler!$A$2:$A$210,B30,İndirimler!$B$2:$B$210,C30)),2),"") -> 574
A31: 9786256921740 | B31: 4K | C31: 10. Sınıf | D31: Türk Dili ve Edebiyatı | F31: Soru Bankası | G31: 402 | H31: =IF(SUMIFS(İndirimler!$C$2:$C$210,İndirimler!$A$2:$A$210,B31,İndirimler!$B$2:$B$210,C31)>0,ROUND(G31*(1-SUMIFS(İndirimler!$C$2:$C$210,İndirimler!$A$2:$A$210,B31,İndirimler!$B$2:$B$210,C31)),2),"") -> 341.7 | I31: =IF(SUMIFS(İndirimler!$D$2:$D$210,İndirimler!$A$2:$A$210,B31,İndirimler!$B$2:$B$210,C31)>0,ROUND(G31*(1-SUMIFS(İndirimler!$D$2:$D$210,İndirimler!$A$2:$A$210,B31,İndirimler!$B$2:$B$210,C31)),2),"") -> 281.4 | J31: https://app.karakok.net/spShowFlip/1917
A32: 9786256712409 | B32: Bilgi Sarmal Yayınları | C32: 10. Sınıf | D32: Türk Dili ve Edebiyatı | F32: Soru Bankası | G32: 479 | H32: =IF(SUMIFS(İndirimler!$C$2:$C$210,İndirimler!$A$2:$A$210,B32,İndirimler!$B$2:$B$210,C32)>0,ROUND(G32*(1-SUMIFS(İndirimler!$C$2:$C$210,İndirimler!$A$2:$A$210,B32,İndirimler!$B$2:$B$210,C32)),2),"") -> 407.15 | I32: =IF(SUMIFS(İndirimler!$D$2:$D$210,İndirimler!$A$2:$A$210,B32,İndirimler!$B$2:$B$210,C32)>0,ROUND(G32*(1-SUMIFS(İndirimler!$D$2:$D$210,İndirimler!$A$2:$A$210,B32,İndirimler!$B$2:$B$210,C32)),2),"") -> 335.3 | J32: https://online.fliphtml5.com/udqwy/peka/
A33: 9786256457256 | B33: Eğitim Vadisi | C33: 10. Sınıf | D33: Türk Dili ve Edebiyatı | E33: TİK Tam İzleme Kitabı | F33: Soru Bankası | G33: 428 | H33: =IF(SUMIFS(İndirimler!$C$2:$C$210,İndirimler!$A$2:$A$210,B33,İndirimler!$B$2:$B$210,C33)>0,ROUND(G33*(1-SUMIFS(İndirimler!$C$2:$C$210,İndirimler!$A$2:$A$210,B33,İndirimler!$B$2:$B$210,C33)),2),"") -> 363.8 | I33: =IF(SUMIFS(İndirimler!$D$2:$D$210,İndirimler!$A$2:$A$210,B33,İndirimler!$B$2:$B$210,C33)>0,ROUND(G33*(1-SUMIFS(İndirimler!$D$2:$D$210,İndirimler!$A$2:$A$210,B33,İndirimler!$B$2:$B$210,C33)),2),"") -> 299.6 | J33: https://app.karakok.net/spShowFlip/2167
A34: 9786257532914 | B34: Hız ve Renk Yayınları | C34: 10. Sınıf | D34: Türk Dili ve Edebiyatı | E34: HİT | F34: Soru Bankası | G34: 405 | H34: =IF(SUMIFS(İndirimler!$C$2:$C$210,İndirimler!$A$2:$A$210,B34,İndirimler!$B$2:$B$210,C34)>0,ROUND(G34*(1-SUMIFS(İndirimler!$C$2:$C$210,İndirimler!$A$2:$A$210,B34,İndirimler!$B$2:$B$210,C34)),2),"") -> 344.25 | I34: =IF(SUMIFS(İndirimler!$D$2:$D$210,İndirimler!$A$2:$A$210,B34,İndirimler!$B$2:$B$210,C34)>0,ROUND(G34*(1-SUMIFS(İndirimler!$D$2:$D$210,İndirimler!$A$2:$A$210,B34,İndirimler!$B$2:$B$210,C34)),2),"") -> 283.5 | J34: https://online.fliphtml5.com/udqwy/qkos/
A35: 9786052757574 | B35: Limit | C35: 10. Sınıf | D35: Türk Dili ve Edebiyatı | F35: Soru Bankası | G35: 622 | H35: =IF(SUMIFS(İndirimler!$C$2:$C$210,İndirimler!$A$2:$A$210,B35,İndirimler!$B$2:$B$210,C35)>0,ROUND(G35*(1-SUMIFS(İndirimler!$C$2:$C$210,İndirimler!$A$2:$A$210,B35,İndirimler!$B$2:$B$210,C35)),2),"") -> 528.7 | I35: =IF(SUMIFS(İndirimler!$D$2:$D$210,İndirimler!$A$2:$A$210,B35,İndirimler!$B$2:$B$210,C35)>0,ROUND(G35*(1-SUMIFS(İndirimler!$D$2:$D$210,İndirimler!$A$2:$A$210,B35,İndirimler!$B$2:$B$210,C35)),2),"") -> 435.4 | J35: https://online.fliphtml5.com/cotrr/mdzj/
A36: 9786256142190 | B36: Miray | C36: 10. Sınıf | D36: Türk Dili ve Edebiyatı | E36: Tematik | F36: Soru Bankası | G36: 598 | H36: =IF(SUMIFS(İndirimler!$C$2:$C$210,İndirimler!$A$2:$A$210,B36,İndirimler!$B$2:$B$210,C36)>0,ROUND(G36*(1-SUMIFS(İndirimler!$C$2:$C$210,İndirimler!$A$2:$A$210,B36,İndirimler!$B$2:$B$210,C36)),2),"") -> 508.3 | I36: =IF(SUMIFS(İndirimler!$D$2:$D$210,İndirimler!$A$2:$A$210,B36,İndirimler!$B$2:$B$210,C36)>0,ROUND(G36*(1-SUMIFS(İndirimler!$D$2:$D$210,İndirimler!$A$2:$A$210,B36,İndirimler!$B$2:$B$210,C36)),2),"") -> 418.6
A37: 9786259981291 | B37: Süre Yayınları | C37: 10. Sınıf | D37: Türk Dili ve Edebiyatı | F37: Soru Bankası | G37: 539 | H37: =IF(SUMIFS(İndirimler!$C$2:$C$210,İndirimler!$A$2:$A$210,B37,İndirimler!$B$2:$B$210,C37)>0,ROUND(G37*(1-SUMIFS(İndirimler!$C$2:$C$210,İndirimler!$A$2:$A$210,B37,İndirimler!$B$2:$B$210,C37)),2),"") -> 458.15 | I37: =IF(SUMIFS(İndirimler!$D$2:$D$210,İndirimler!$A$2:$A$210,B37,İndirimler!$B$2:$B$210,C37)>0,ROUND(G37*(1-SUMIFS(İndirimler!$D$2:$D$210,İndirimler!$A$2:$A$210,B37,İndirimler!$B$2:$B$210,C37)),2),"") -> 377.3
A38: 9786255801043 | B38: Çap Yayınları | C38: 10. Sınıf | D38: Türk Dili ve Edebiyatı | E38: Tematik | F38: Soru Bankası | G38: 505 | H38: =IF(SUMIFS(İndirimler!$C$2:$C$210,İndirimler!$A$2:$A$210,B38,İndirimler!$B$2:$B$210,C38)>0,ROUND(G38*(1-SUMIFS(İndirimler!$C$2:$C$210,İndirimler!$A$2:$A$210,B38,İndirimler!$B$2:$B$210,C38)),2),"") -> 429.25 | I38: =IF(SUMIFS(İndirimler!$D$2:$D$210,İndirimler!$A$2:$A$210,B38,İndirimler!$B$2:$B$210,C38)>0,ROUND(G38*(1-SUMIFS(İndirimler!$D$2:$D$210,İndirimler!$A$2:$A$210,B38,İndirimler!$B$2:$B$210,C38)),2),"") -> 353.5
A39: 9786258160673 | B39: ENS Yayınları | C39: 10. Sınıf | D39: Türk Dili ve Edebiyatı | F39: Etkinlik Kitabı | G39: 409 | H39: =IF(SUMIFS(İndirimler!$C$2:$C$210,İndirimler!$A$2:$A$210,B39,İndirimler!$B$2:$B$210,C39)>0,ROUND(G39*(1-SUMIFS(İndirimler!$C$2:$C$210,İndirimler!$A$2:$A$210,B39,İndirimler!$B$2:$B$210,C39)),2),"") -> 347.65 | I39: =IF(SUMIFS(İndirimler!$D$2:$D$210,İndirimler!$A$2:$A$210,B39,İndirimler!$B$2:$B$210,C39)>0,ROUND(G39*(1-SUMIFS(İndirimler!$D$2:$D$210,İndirimler!$A$2:$A$210,B39,İndirimler!$B$2:$B$210,C39)),2),"") -> 286.3
A40: ORNEK00000059 | B40: Çap Yayınları | C40: 11. Sınıf | D40: Türk Dili ve Edebiyatı | F40: Fasikül Set | H40: =IF(SUMIFS(İndirimler!$C$2:$C$210,İndirimler!$A$2:$A$210,B40,İndirimler!$B$2:$B$210,C40)>0,ROUND(G40*(1-SUMIFS(İndirimler!$C$2:$C$210,İndirimler!$A$2:$A$210,B40,İndirimler!$B$2:$B$210,C40)),2),"") -> 0 | I40: =IF(SUMIFS(İndirimler!$D$2:$D$210,İndirimler!$A$2:$A$210,B40,İndirimler!$B$2:$B$210,C40)>0,ROUND(G40*(1-SUMIFS(İndirimler!$D$2:$D$210,İndirimler!$A$2:$A$210,B40,İndirimler!$B$2:$B$210,C40)),2),"") -> 0
A41: ORNEK00000045 | B41: Bilgi Sarmal Yayınları | C41: 11. Sınıf | D41: Türk Dili ve Edebiyatı | E41: Tema | F41: Konu Anlatımlı | H41: =IF(SUMIFS(İndirimler!$C$2:$C$210,İndirimler!$A$2:$A$210,B41,İndirimler!$B$2:$B$210,C41)>0,ROUND(G41*(1-SUMIFS(İndirimler!$C$2:$C$210,İndirimler!$A$2:$A$210,B41,İndirimler!$B$2:$B$210,C41)),2),"") -> 0 | I41: =IF(SUMIFS(İndirimler!$D$2:$D$210,İndirimler!$A$2:$A$210,B41,İndirimler!$B$2:$B$210,C41)>0,ROUND(G41*(1-SUMIFS(İndirimler!$D$2:$D$210,İndirimler!$A$2:$A$210,B41,İndirimler!$B$2:$B$210,C41)),2),"") -> 0
A42: ORNEK00000072 | B42: ENS Yayınları | C42: 11. Sınıf | D42: Türk Dili ve Edebiyatı | E42: Defter | F42: Konu Anlatımlı | H42: =IF(SUMIFS(İndirimler!$C$2:$C$210,İndirimler!$A$2:$A$210,B42,İndirimler!$B$2:$B$210,C42)>0,ROUND(G42*(1-SUMIFS(İndirimler!$C$2:$C$210,İndirimler!$A$2:$A$210,B42,İndirimler!$B$2:$B$210,C42)),2),"") -> 0 | I42: =IF(SUMIFS(İndirimler!$D$2:$D$210,İndirimler!$A$2:$A$210,B42,İndirimler!$B$2:$B$210,C42)>0,ROUND(G42*(1-SUMIFS(İndirimler!$D$2:$D$210,İndirimler!$A$2:$A$210,B42,İndirimler!$B$2:$B$210,C42)),2),"") -> 0
A43: 9786052758243 | B43: Limit | C43: 11. Sınıf | D43: Türk Dili ve Edebiyatı | F43: Konu Anlatımlı | G43: 684 | H43: =IF(SUMIFS(İndirimler!$C$2:$C$210,İndirimler!$A$2:$A$210,B43,İndirimler!$B$2:$B$210,C43)>0,ROUND(G43*(1-SUMIFS(İndirimler!$C$2:$C$210,İndirimler!$A$2:$A$210,B43,İndirimler!$B$2:$B$210,C43)),2),"") -> 581.4 | I43: =IF(SUMIFS(İndirimler!$D$2:$D$210,İndirimler!$A$2:$A$210,B43,İndirimler!$B$2:$B$210,C43)>0,ROUND(G43*(1-SUMIFS(İndirimler!$D$2:$D$210,İndirimler!$A$2:$A$210,B43,İndirimler!$B$2:$B$210,C43)),2),"") -> 478.8
A44: 9786256142664 | B44: Miray | C44: 11. Sınıf | D44: Türk Dili ve Edebiyatı | E44: Ders Anlatım Fasikülleri | F44: Konu Anlatımlı | G44: 840 | H44: =IF(SUMIFS(İndirimler!$C$2:$C$210,İndirimler!$A$2:$A$210,B44,İndirimler!$B$2:$B$210,C44)>0,ROUND(G44*(1-SUMIFS(İndirimler!$C$2:$C$210,İndirimler!$A$2:$A$210,B44,İndirimler!$B$2:$B$210,C44)),2),"") -> 714 | I44: =IF(SUMIFS(İndirimler!$D$2:$D$210,İndirimler!$A$2:$A$210,B44,İndirimler!$B$2:$B$210,C44)>0,ROUND(G44*(1-SUMIFS(İndirimler!$D$2:$D$210,İndirimler!$A$2:$A$210,B44,İndirimler!$B$2:$B$210,C44)),2),"") -> 588
A45: 9786256921962 | B45: 4K | C45: 11. Sınıf | D45: Türk Dili ve Edebiyatı | F45: Soru Bankası | G45: 402 | H45: =IF(SUMIFS(İndirimler!$C$2:$C$210,İndirimler!$A$2:$A$210,B45,İndirimler!$B$2:$B$210,C45)>0,ROUND(G45*(1-SUMIFS(İndirimler!$C$2:$C$210,İndirimler!$A$2:$A$210,B45,İndirimler!$B$2:$B$210,C45)),2),"") -> 341.7 | I45: =IF(SUMIFS(İndirimler!$D$2:$D$210,İndirimler!$A$2:$A$210,B45,İndirimler!$B$2:$B$210,C45)>0,ROUND(G45*(1-SUMIFS(İndirimler!$D$2:$D$210,İndirimler!$A$2:$A$210,B45,İndirimler!$B$2:$B$210,C45)),2),"") -> 281.4
A46: ORNEK00000024 | B46: Bilgi Sarmal Yayınları | C46: 11. Sınıf | D46: Türk Dili ve Edebiyatı | E46: Maarif | F46: Soru Bankası | H46: =IF(SUMIFS(İndirimler!$C$2:$C$210,İndirimler!$A$2:$A$210,B46,İndirimler!$B$2:$B$210,C46)>0,ROUND(G46*(1-SUMIFS(İndirimler!$C$2:$C$210,İndirimler!$A$2:$A$210,B46,İndirimler!$B$2:$B$210,C46)),2),"") -> 0 | I46: =IF(SUMIFS(İndirimler!$D$2:$D$210,İndirimler!$A$2:$A$210,B46,İndirimler!$B$2:$B$210,C46)>0,ROUND(G46*(1-SUMIFS(İndirimler!$D$2:$D$210,İndirimler!$A$2:$A$210,B46,İndirimler!$B$2:$B$210,C46)),2),"") -> 0
A47: ORNEK00000095 | B47: Hız ve Renk Yayınları | C47: 11. Sınıf | D47: Türk Dili ve Edebiyatı | E47: HİT | F47: Soru Bankası | H47: =IF(SUMIFS(İndirimler!$C$2:$C$210,İndirimler!$A$2:$A$210,B47,İndirimler!$B$2:$B$210,C47)>0,ROUND(G47*(1-SUMIFS(İndirimler!$C$2:$C$210,İndirimler!$A$2:$A$210,B47,İndirimler!$B$2:$B$210,C47)),2),"") -> 0 | I47: =IF(SUMIFS(İndirimler!$D$2:$D$210,İndirimler!$A$2:$A$210,B47,İndirimler!$B$2:$B$210,C47)>0,ROUND(G47*(1-SUMIFS(İndirimler!$D$2:$D$210,İndirimler!$A$2:$A$210,B47,İndirimler!$B$2:$B$210,C47)),2),"") -> 0 | J47: https://online.fliphtml5.com/udqwy/tioy/
A48: 9786052758311 | B48: Limit | C48: 11. Sınıf | D48: Türk Dili ve Edebiyatı | F48: Soru Bankası | G48: 614 | H48: =IF(SUMIFS(İndirimler!$C$2:$C$210,İndirimler!$A$2:$A$210,B48,İndirimler!$B$2:$B$210,C48)>0,ROUND(G48*(1-SUMIFS(İndirimler!$C$2:$C$210,İndirimler!$A$2:$A$210,B48,İndirimler!$B$2:$B$210,C48)),2),"") -> 521.9 | I48: =IF(SUMIFS(İndirimler!$D$2:$D$210,İndirimler!$A$2:$A$210,B48,İndirimler!$B$2:$B$210,C48)>0,ROUND(G48*(1-SUMIFS(İndirimler!$D$2:$D$210,İndirimler!$A$2:$A$210,B48,İndirimler!$B$2:$B$210,C48)),2),"") -> 429.8
A49: 9786256142671 | B49: Miray | C49: 11. Sınıf | D49: Türk Dili ve Edebiyatı | E49: Tematik | F49: Soru Bankası | G49: 616 | H49: =IF(SUMIFS(İndirimler!$C$2:$C$210,İndirimler!$A$2:$A$210,B49,İndirimler!$B$2:$B$210,C49)>0,ROUND(G49*(1-SUMIFS(İndirimler!$C$2:$C$210,İndirimler!$A$2:$A$210,B49,İndirimler!$B$2:$B$210,C49)),2),"") -> 523.6 | I49: =IF(SUMIFS(İndirimler!$D$2:$D$210,İndirimler!$A$2:$A$210,B49,İndirimler!$B$2:$B$210,C49)>0,ROUND(G49*(1-SUMIFS(İndirimler!$D$2:$D$210,İndirimler!$A$2:$A$210,B49,İndirimler!$B$2:$B$210,C49)),2),"") -> 431.2
A50: ORNEK00000111 | B50: Süre Yayınları | C50: 11. Sınıf | D50: Türk Dili ve Edebiyatı | F50: Soru Bankası | H50: =IF(SUMIFS(İndirimler!$C$2:$C$210,İndirimler!$A$2:$A$210,B50,İndirimler!$B$2:$B$210,C50)>0,ROUND(G50*(1-SUMIFS(İndirimler!$C$2:$C$210,İndirimler!$A$2:$A$210,B50,İndirimler!$B$2:$B$210,C50)),2),"") -> 0 | I50: =IF(SUMIFS(İndirimler!$D$2:$D$210,İndirimler!$A$2:$A$210,B50,İndirimler!$B$2:$B$210,C50)>0,ROUND(G50*(1-SUMIFS(İndirimler!$D$2:$D$210,İndirimler!$A$2:$A$210,B50,İndirimler!$B$2:$B$210,C50)),2),"") -> 0
A51: ORNEK00000063 | B51: Çap Yayınları | C51: 11. Sınıf | D51: Türk Dili ve Edebiyatı | F51: Soru Bankası | H51: =IF(SUMIFS(İndirimler!$C$2:$C$210,İndirimler!$A$2:$A$210,B51,İndirimler!$B$2:$B$210,C51)>0,ROUND(G51*(1-SUMIFS(İndirimler!$C$2:$C$210,İndirimler!$A$2:$A$210,B51,İndirimler!$B$2:$B$210,C51)),2),"") -> 0 | I51: =IF(SUMIFS(İndirimler!$D$2:$D$210,İndirimler!$A$2:$A$210,B51,İndirimler!$B$2:$B$210,C51)>0,ROUND(G51*(1-SUMIFS(İndirimler!$D$2:$D$210,İndirimler!$A$2:$A$210,B51,İndirimler!$B$2:$B$210,C51)),2),"") -> 0
A52: ORNEK00000080 | B52: ENS Yayınları | C52: 11. Sınıf | D52: Türk Dili ve Edebiyatı | F52: Etkinlik Kitabı | H52: =IF(SUMIFS(İndirimler!$C$2:$C$210,İndirimler!$A$2:$A$210,B52,İndirimler!$B$2:$B$210,C52)>0,ROUND(G52*(1-SUMIFS(İndirimler!$C$2:$C$210,İndirimler!$A$2:$A$210,B52,İndirimler!$B$2:$B$210,C52)),2),"") -> 0 | I52: =IF(SUMIFS(İndirimler!$D$2:$D$210,İndirimler!$A$2:$A$210,B52,İndirimler!$B$2:$B$210,C52)>0,ROUND(G52*(1-SUMIFS(İndirimler!$D$2:$D$210,İndirimler!$A$2:$A$210,B52,İndirimler!$B$2:$B$210,C52)),2),"") -> 0
A53: 9786259012292 | B53: Çap Yayınları | C53: Maarif TYT | D53: Türk Dili ve Edebiyatı | E53: Tematik | F53: Soru Bankası | G53: 365 | H53: =IF(SUMIFS(İndirimler!$C$2:$C$210,İndirimler!$A$2:$A$210,B53,İndirimler!$B$2:$B$210,C53)>0,ROUND(G53*(1-SUMIFS(İndirimler!$C$2:$C$210,İndirimler!$A$2:$A$210,B53,İndirimler!$B$2:$B$210,C53)),2),"") -> 310.25 | I53: =IF(SUMIFS(İndirimler!$D$2:$D$210,İndirimler!$A$2:$A$210,B53,İndirimler!$B$2:$B$210,C53)>0,ROUND(G53*(1-SUMIFS(İndirimler!$D$2:$D$210,İndirimler!$A$2:$A$210,B53,İndirimler!$B$2:$B$210,C53)),2),"") -> 255.5
A54: 9786257134903 | B54: Acil Yayınları | C54: 9. Sınıf | D54: Matematik | E54: Tema | F54: Fasikül Set | G54: 659 | H54: =IF(SUMIFS(İndirimler!$C$2:$C$210,İndirimler!$A$2:$A$210,B54,İndirimler!$B$2:$B$210,C54)>0,ROUND(G54*(1-SUMIFS(İndirimler!$C$2:$C$210,İndirimler!$A$2:$A$210,B54,İndirimler!$B$2:$B$210,C54)),2),"") -> 560.15 | I54: =IF(SUMIFS(İndirimler!$D$2:$D$210,İndirimler!$A$2:$A$210,B54,İndirimler!$B$2:$B$210,C54)>0,ROUND(G54*(1-SUMIFS(İndirimler!$D$2:$D$210,İndirimler!$A$2:$A$210,B54,İndirimler!$B$2:$B$210,C54)),2),"") -> 461.3 | K54: 9786257134484
A55: ORNEK00000009 | B55: Aktif Öğrenme Yayınları | C55: 9. Sınıf | D55: Matematik | E55: Prime | F55: Fasikül Set | H55: =IF(SUMIFS(İndirimler!$C$2:$C$210,İndirimler!$A$2:$A$210,B55,İndirimler!$B$2:$B$210,C55)>0,ROUND(G55*(1-SUMIFS(İndirimler!$C$2:$C$210,İndirimler!$A$2:$A$210,B55,İndirimler!$B$2:$B$210,C55)),2),"") -> 0 | I55: =IF(SUMIFS(İndirimler!$D$2:$D$210,İndirimler!$A$2:$A$210,B55,İndirimler!$B$2:$B$210,C55)>0,ROUND(G55*(1-SUMIFS(İndirimler!$D$2:$D$210,İndirimler!$A$2:$A$210,B55,İndirimler!$B$2:$B$210,C55)),2),"") -> 0
A56: 9786256531451 | B56: Mikro Orijinal Yayınları | C56: 9. Sınıf | D56: Matematik | E56: MÖF | F56: Fasikül Set | G56: 659 | H56: =IF(SUMIFS(İndirimler!$C$2:$C$210,İndirimler!$A$2:$A$210,B56,İndirimler!$B$2:$B$210,C56)>0,ROUND(G56*(1-SUMIFS(İndirimler!$C$2:$C$210,İndirimler!$A$2:$A$210,B56,İndirimler!$B$2:$B$210,C56)),2),"") -> 560.15 | I56: =IF(SUMIFS(İndirimler!$D$2:$D$210,İndirimler!$A$2:$A$210,B56,İndirimler!$B$2:$B$210,C56)>0,ROUND(G56*(1-SUMIFS(İndirimler!$D$2:$D$210,İndirimler!$A$2:$A$210,B56,İndirimler!$B$2:$B$210,C56)),2),"") -> 461.3
A57: 9786255708076 | B57: Orijinal Yayınları | C57: 9. Sınıf | D57: Matematik | E57: ODF | F57: Fasikül Set | G57: 659 | H57: =IF(SUMIFS(İndirimler!$C$2:$C$210,İndirimler!$A$2:$A$210,B57,İndirimler!$B$2:$B$210,C57)>0,ROUND(G57*(1-SUMIFS(İndirimler!$C$2:$C$210,İndirimler!$A$2:$A$210,B57,İndirimler!$B$2:$B$210,C57)),2),"") -> 560.15 | I57: =IF(SUMIFS(İndirimler!$D$2:$D$210,İndirimler!$A$2:$A$210,B57,İndirimler!$B$2:$B$210,C57)>0,ROUND(G57*(1-SUMIFS(İndirimler!$D$2:$D$210,İndirimler!$A$2:$A$210,B57,İndirimler!$B$2:$B$210,C57)),2),"") -> 461.3 | K57: 9786256531536
A58: 9786259205762 | B58: Ulti Yayınları | C58: 9. Sınıf | D58: Matematik | F58: Fasikül Set | G58: 699 | H58: =IF(SUMIFS(İndirimler!$C$2:$C$210,İndirimler!$A$2:$A$210,B58,İndirimler!$B$2:$B$210,C58)>0,ROUND(G58*(1-SUMIFS(İndirimler!$C$2:$C$210,İndirimler!$A$2:$A$210,B58,İndirimler!$B$2:$B$210,C58)),2),"") -> 594.15 | I58: =IF(SUMIFS(İndirimler!$D$2:$D$210,İndirimler!$A$2:$A$210,B58,İndirimler!$B$2:$B$210,C58)>0,ROUND(G58*(1-SUMIFS(İndirimler!$D$2:$D$210,İndirimler!$A$2:$A$210,B58,İndirimler!$B$2:$B$210,C58)),2),"") -> 489.3 | J58: https://online.fliphtml5.com/kbscf/wtkw/
A59: 9786057997326 | B59: Yarıçap Yayınları | C59: 9. Sınıf | D59: Matematik | F59: Fasikül Set | G59: 999 | H59: =IF(SUMIFS(İndirimler!$C$2:$C$210,İndirimler!$A$2:$A$210,B59,İndirimler!$B$2:$B$210,C59)>0,ROUND(G59*(1-SUMIFS(İndirimler!$C$2:$C$210,İndirimler!$A$2:$A$210,B59,İndirimler!$B$2:$B$210,C59)),2),"") -> 849.15 | I59: =IF(SUMIFS(İndirimler!$D$2:$D$210,İndirimler!$A$2:$A$210,B59,İndirimler!$B$2:$B$210,C59)>0,ROUND(G59*(1-SUMIFS(İndirimler!$D$2:$D$210,İndirimler!$A$2:$A$210,B59,İndirimler!$B$2:$B$210,C59)),2),"") -> 699.3
A60: 9786256040328 | B60: Çap Yayınları | C60: 9. Sınıf | D60: Matematik | F60: Fasikül Set | G60: 899 | H60: =IF(SUMIFS(İndirimler!$C$2:$C$210,İndirimler!$A$2:$A$210,B60,İndirimler!$B$2:$B$210,C60)>0,ROUND(G60*(1-SUMIFS(İndirimler!$C$2:$C$210,İndirimler!$A$2:$A$210,B60,İndirimler!$B$2:$B$210,C60)),2),"") -> 764.15 | I60: =IF(SUMIFS(İndirimler!$D$2:$D$210,İndirimler!$A$2:$A$210,B60,İndirimler!$B$2:$B$210,C60)>0,ROUND(G60*(1-SUMIFS(İndirimler!$D$2:$D$210,İndirimler!$A$2:$A$210,B60,İndirimler!$B$2:$B$210,C60)),2),"") -> 629.3 | J60: https://online.fliphtml5.com/chncu/xxtv/
A61: 9786256142121 | B61: Aydın | C61: 9. Sınıf | D61: Matematik | E61: Tematik / Ders İşleyiş Modülleri | F61: Konu Anlatımlı | G61: 644 | H61: =IF(SUMIFS(İndirimler!$C$2:$C$210,İndirimler!$A$2:$A$210,B61,İndirimler!$B$2:$B$210,C61)>0,ROUND(G61*(1-SUMIFS(İndirimler!$C$2:$C$210,İndirimler!$A$2:$A$210,B61,İndirimler!$B$2:$B$210,C61)),2),"") -> 547.4 | I61: =IF(SUMIFS(İndirimler!$D$2:$D$210,İndirimler!$A$2:$A$210,B61,İndirimler!$B$2:$B$210,C61)>0,ROUND(G61*(1-SUMIFS(İndirimler!$D$2:$D$210,İndirimler!$A$2:$A$210,B61,İndirimler!$B$2:$B$210,C61)),2),"") -> 450.8 | J61: https://online.fliphtml5.com/wrbmv/lxrj/#p=1
A62: 9786256630420 | B62: Eğitim Vadisi | C62: 9. Sınıf | D62: Matematik | E62: Tematik / TAK Tam Anlatım Kitabı | F62: Konu Anlatımlı | G62: 428 | H62: =IF(SUMIFS(İndirimler!$C$2:$C$210,İndirimler!$A$2:$A$210,B62,İndirimler!$B$2:$B$210,C62)>0,ROUND(G62*(1-SUMIFS(İndirimler!$C$2:$C$210,İndirimler!$A$2:$A$210,B62,İndirimler!$B$2:$B$210,C62)),2),"") -> 363.8 | I62: =IF(SUMIFS(İndirimler!$D$2:$D$210,İndirimler!$A$2:$A$210,B62,İndirimler!$B$2:$B$210,C62)>0,ROUND(G62*(1-SUMIFS(İndirimler!$D$2:$D$210,İndirimler!$A$2:$A$210,B62,İndirimler!$B$2:$B$210,C62)),2),"") -> 299.6 | J62: https://app.karakok.net/spShowFlip/1549
A63: 9786052756706 | B63: Limit | C63: 9. Sınıf | D63: Matematik | F63: Konu Anlatımlı 1 | G63: 576 | H63: =IF(SUMIFS(İndirimler!$C$2:$C$210,İndirimler!$A$2:$A$210,B63,İndirimler!$B$2:$B$210,C63)>0,ROUND(G63*(1-SUMIFS(İndirimler!$C$2:$C$210,İndirimler!$A$2:$A$210,B63,İndirimler!$B$2:$B$210,C63)),2),"") -> 489.6 | I63: =IF(SUMIFS(İndirimler!$D$2:$D$210,İndirimler!$A$2:$A$210,B63,İndirimler!$B$2:$B$210,C63)>0,ROUND(G63*(1-SUMIFS(İndirimler!$D$2:$D$210,İndirimler!$A$2:$A$210,B63,İndirimler!$B$2:$B$210,C63)),2),"") -> 403.2 | J63: https://online.fliphtml5.com/cotrr/puqp/
A64: 9786052757048 | B64: Limit | C64: 9. Sınıf | D64: Matematik | F64: Konu Anlatımlı 2 | G64: 576 | H64: =IF(SUMIFS(İndirimler!$C$2:$C$210,İndirimler!$A$2:$A$210,B64,İndirimler!$B$2:$B$210,C64)>0,ROUND(G64*(1-SUMIFS(İndirimler!$C$2:$C$210,İndirimler!$A$2:$A$210,B64,İndirimler!$B$2:$B$210,C64)),2),"") -> 489.6 | I64: =IF(SUMIFS(İndirimler!$D$2:$D$210,İndirimler!$A$2:$A$210,B64,İndirimler!$B$2:$B$210,C64)>0,ROUND(G64*(1-SUMIFS(İndirimler!$D$2:$D$210,İndirimler!$A$2:$A$210,B64,İndirimler!$B$2:$B$210,C64)),2),"") -> 403.2 | J64: https://online.fliphtml5.com/cotrr/btbf/
A65: 9786256412965 | B65: Miray | C65: 9. Sınıf | D65: Matematik | E65: Tematik / Ders Anlatım Fasikülleri | F65: Konu Anlatımlı | G65: 840 | H65: =IF(SUMIFS(İndirimler!$C$2:$C$210,İndirimler!$A$2:$A$210,B65,İndirimler!$B$2:$B$210,C65)>0,ROUND(G65*(1-SUMIFS(İndirimler!$C$2:$C$210,İndirimler!$A$2:$A$210,B65,İndirimler!$B$2:$B$210,C65)),2),"") -> 714 | I65: =IF(SUMIFS(İndirimler!$D$2:$D$210,İndirimler!$A$2:$A$210,B65,İndirimler!$B$2:$B$210,C65)>0,ROUND(G65*(1-SUMIFS(İndirimler!$D$2:$D$210,İndirimler!$A$2:$A$210,B65,İndirimler!$B$2:$B$210,C65)),2),"") -> 588
A66: 9786256921559 | B66: 4K | C66: 9. Sınıf | D66: Matematik | E66: Tematik | F66: Soru Bankası | G66: 498 | H66: =IF(SUMIFS(İndirimler!$C$2:$C$210,İndirimler!$A$2:$A$210,B66,İndirimler!$B$2:$B$210,C66)>0,ROUND(G66*(1-SUMIFS(İndirimler!$C$2:$C$210,İndirimler!$A$2:$A$210,B66,İndirimler!$B$2:$B$210,C66)),2),"") -> 423.3 | I66: =IF(SUMIFS(İndirimler!$D$2:$D$210,İndirimler!$A$2:$A$210,B66,İndirimler!$B$2:$B$210,C66)>0,ROUND(G66*(1-SUMIFS(İndirimler!$D$2:$D$210,İndirimler!$A$2:$A$210,B66,İndirimler!$B$2:$B$210,C66)),2),"") -> 348.6 | J66: https://app.karakok.net/spShowFlip/2143
A67: 9786257134477 | B67: Acil Yayınları | C67: 9. Sınıf | D67: Matematik | F67: Soru Bankası | G67: 479 | H67: =IF(SUMIFS(İndirimler!$C$2:$C$210,İndirimler!$A$2:$A$210,B67,İndirimler!$B$2:$B$210,C67)>0,ROUND(G67*(1-SUMIFS(İndirimler!$C$2:$C$210,İndirimler!$A$2:$A$210,B67,İndirimler!$B$2:$B$210,C67)),2),"") -> 407.15 | I67: =IF(SUMIFS(İndirimler!$D$2:$D$210,İndirimler!$A$2:$A$210,B67,İndirimler!$B$2:$B$210,C67)>0,ROUND(G67*(1-SUMIFS(İndirimler!$D$2:$D$210,İndirimler!$A$2:$A$210,B67,İndirimler!$B$2:$B$210,C67)),2),"") -> 335.3
A68: 9786255811134 | B68: Acil Yayınları | C68: 9. Sınıf | D68: Matematik | E68: Matematiğin İlacı | F68: Soru Bankası | G68: 505 | H68: =IF(SUMIFS(İndirimler!$C$2:$C$210,İndirimler!$A$2:$A$210,B68,İndirimler!$B$2:$B$210,C68)>0,ROUND(G68*(1-SUMIFS(İndirimler!$C$2:$C$210,İndirimler!$A$2:$A$210,B68,İndirimler!$B$2:$B$210,C68)),2),"") -> 429.25 | I68: =IF(SUMIFS(İndirimler!$D$2:$D$210,İndirimler!$A$2:$A$210,B68,İndirimler!$B$2:$B$210,C68)>0,ROUND(G68*(1-SUMIFS(İndirimler!$D$2:$D$210,İndirimler!$A$2:$A$210,B68,İndirimler!$B$2:$B$210,C68)),2),"") -> 353.5
A69: 9786256412804 | B69: Aydın | C69: 9. Sınıf | D69: Matematik | F69: Soru Bankası | G69: 608 | H69: =IF(SUMIFS(İndirimler!$C$2:$C$210,İndirimler!$A$2:$A$210,B69,İndirimler!$B$2:$B$210,C69)>0,ROUND(G69*(1-SUMIFS(İndirimler!$C$2:$C$210,İndirimler!$A$2:$A$210,B69,İndirimler!$B$2:$B$210,C69)),2),"") -> 516.8 | I69: =IF(SUMIFS(İndirimler!$D$2:$D$210,İndirimler!$A$2:$A$210,B69,İndirimler!$B$2:$B$210,C69)>0,ROUND(G69*(1-SUMIFS(İndirimler!$D$2:$D$210,İndirimler!$A$2:$A$210,B69,İndirimler!$B$2:$B$210,C69)),2),"") -> 425.6 | J69: https://online.fliphtml5.com/wrbmv/yois/#p=1
A70: 9786259800943 | B70: Bilgi Sarmal Yayınları | C70: 9. Sınıf | D70: Matematik | F70: Soru Bankası | G70: 619 | H70: =IF(SUMIFS(İndirimler!$C$2:$C$210,İndirimler!$A$2:$A$210,B70,İndirimler!$B$2:$B$210,C70)>0,ROUND(G70*(1-SUMIFS(İndirimler!$C$2:$C$210,İndirimler!$A$2:$A$210,B70,İndirimler!$B$2:$B$210,C70)),2),"") -> 526.15 | I70: =IF(SUMIFS(İndirimler!$D$2:$D$210,İndirimler!$A$2:$A$210,B70,İndirimler!$B$2:$B$210,C70)>0,ROUND(G70*(1-SUMIFS(İndirimler!$D$2:$D$210,İndirimler!$A$2:$A$210,B70,İndirimler!$B$2:$B$210,C70)),2),"") -> 433.3 | J70: https://online.fliphtml5.com/udqwy/wobl/
A71: 9786256712447 | B71: Bilgi Sarmal Yayınları | C71: 9. Sınıf | D71: Matematik | E71: Tema | F71: Konu Anlatımlı | G71: 799 | H71: =IF(SUMIFS(İndirimler!$C$2:$C$210,İndirimler!$A$2:$A$210,B71,İndirimler!$B$2:$B$210,C71)>0,ROUND(G71*(1-SUMIFS(İndirimler!$C$2:$C$210,İndirimler!$A$2:$A$210,B71,İndirimler!$B$2:$B$210,C71)),2),"") -> 679.15 | I71: =IF(SUMIFS(İndirimler!$D$2:$D$210,İndirimler!$A$2:$A$210,B71,İndirimler!$B$2:$B$210,C71)>0,ROUND(G71*(1-SUMIFS(İndirimler!$D$2:$D$210,İndirimler!$A$2:$A$210,B71,İndirimler!$B$2:$B$210,C71)),2),"") -> 559.3
A72: 9786256630482 | B72: Eğitim Vadisi | C72: 9. Sınıf | D72: Matematik | E72: Tematik / TİK Tam İzleme Kitabı | F72: Soru Bankası | G72: 428 | H72: =IF(SUMIFS(İndirimler!$C$2:$C$210,İndirimler!$A$2:$A$210,B72,İndirimler!$B$2:$B$210,C72)>0,ROUND(G72*(1-SUMIFS(İndirimler!$C$2:$C$210,İndirimler!$A$2:$A$210,B72,İndirimler!$B$2:$B$210,C72)),2),"") -> 363.8 | I72: =IF(SUMIFS(İndirimler!$D$2:$D$210,İndirimler!$A$2:$A$210,B72,İndirimler!$B$2:$B$210,C72)>0,ROUND(G72*(1-SUMIFS(İndirimler!$D$2:$D$210,İndirimler!$A$2:$A$210,B72,İndirimler!$B$2:$B$210,C72)),2),"") -> 299.6 | J72: https://app.karakok.net/spShowFlip/1556
A73: 9786259682297 | B73: Full Matematik Yayınları | C73: 9. Sınıf | D73: Matematik | E73: Tema | F73: Soru Bankası | G73: 455 | H73: =IF(SUMIFS(İndirimler!$C$2:$C$210,İndirimler!$A$2:$A$210,B73,İndirimler!$B$2:$B$210,C73)>0,ROUND(G73*(1-SUMIFS(İndirimler!$C$2:$C$210,İndirimler!$A$2:$A$210,B73,İndirimler!$B$2:$B$210,C73)),2),"") -> 386.75 | I73: =IF(SUMIFS(İndirimler!$D$2:$D$210,İndirimler!$A$2:$A$210,B73,İndirimler!$B$2:$B$210,C73)>0,ROUND(G73*(1-SUMIFS(İndirimler!$D$2:$D$210,İndirimler!$A$2:$A$210,B73,İndirimler!$B$2:$B$210,C73)),2),"") -> 318.5
A74: 9786257532860 | B74: Hız ve Renk Yayınları | C74: 9. Sınıf | D74: Matematik | E74: HİT | F74: Soru Bankası | G74: 545 | H74: =IF(SUMIFS(İndirimler!$C$2:$C$210,İndirimler!$A$2:$A$210,B74,İndirimler!$B$2:$B$210,C74)>0,ROUND(G74*(1-SUMIFS(İndirimler!$C$2:$C$210,İndirimler!$A$2:$A$210,B74,İndirimler!$B$2:$B$210,C74)),2),"") -> 463.25 | I74: =IF(SUMIFS(İndirimler!$D$2:$D$210,İndirimler!$A$2:$A$210,B74,İndirimler!$B$2:$B$210,C74)>0,ROUND(G74*(1-SUMIFS(İndirimler!$D$2:$D$210,İndirimler!$A$2:$A$210,B74,İndirimler!$B$2:$B$210,C74)),2),"") -> 381.5 | J74: https://online.fliphtml5.com/udqwy/lark/
A75: 9786052756775 | B75: Limit | C75: 9. Sınıf | D75: Matematik | F75: Soru Bankası | G75: 676 | H75: =IF(SUMIFS(İndirimler!$C$2:$C$210,İndirimler!$A$2:$A$210,B75,İndirimler!$B$2:$B$210,C75)>0,ROUND(G75*(1-SUMIFS(İndirimler!$C$2:$C$210,İndirimler!$A$2:$A$210,B75,İndirimler!$B$2:$B$210,C75)),2),"") -> 574.6 | I75: =IF(SUMIFS(İndirimler!$D$2:$D$210,İndirimler!$A$2:$A$210,B75,İndirimler!$B$2:$B$210,C75)>0,ROUND(G75*(1-SUMIFS(İndirimler!$D$2:$D$210,İndirimler!$A$2:$A$210,B75,İndirimler!$B$2:$B$210,C75)),2),"") -> 473.2 | J75: https://online.fliphtml5.com/cotrr/uoyw/
A76: ORNEK00000254 | B76: Mikro Orijinal Yayınları | C76: 9. Sınıf | D76: Matematik | E76: Mikro | F76: Soru Bankası | H76: =IF(SUMIFS(İndirimler!$C$2:$C$210,İndirimler!$A$2:$A$210,B76,İndirimler!$B$2:$B$210,C76)>0,ROUND(G76*(1-SUMIFS(İndirimler!$C$2:$C$210,İndirimler!$A$2:$A$210,B76,İndirimler!$B$2:$B$210,C76)),2),"") -> 0 | I76: =IF(SUMIFS(İndirimler!$D$2:$D$210,İndirimler!$A$2:$A$210,B76,İndirimler!$B$2:$B$210,C76)>0,ROUND(G76*(1-SUMIFS(İndirimler!$D$2:$D$210,İndirimler!$A$2:$A$210,B76,İndirimler!$B$2:$B$210,C76)),2),"") -> 0
A77: 9786256142008 | B77: Miray | C77: 9. Sınıf | D77: Matematik | E77: Tematik | F77: Soru Bankası | G77: 686 | H77: =IF(SUMIFS(İndirimler!$C$2:$C$210,İndirimler!$A$2:$A$210,B77,İndirimler!$B$2:$B$210,C77)>0,ROUND(G77*(1-SUMIFS(İndirimler!$C$2:$C$210,İndirimler!$A$2:$A$210,B77,İndirimler!$B$2:$B$210,C77)),2),"") -> 583.1 | I77: =IF(SUMIFS(İndirimler!$D$2:$D$210,İndirimler!$A$2:$A$210,B77,İndirimler!$B$2:$B$210,C77)>0,ROUND(G77*(1-SUMIFS(İndirimler!$D$2:$D$210,İndirimler!$A$2:$A$210,B77,İndirimler!$B$2:$B$210,C77)),2),"") -> 480.2
A78: 9786256531765 | B78: Orijinal Yayınları | C78: 9. Sınıf | D78: Matematik | F78: Soru Bankası | G78: 579 | H78: =IF(SUMIFS(İndirimler!$C$2:$C$210,İndirimler!$A$2:$A$210,B78,İndirimler!$B$2:$B$210,C78)>0,ROUND(G78*(1-SUMIFS(İndirimler!$C$2:$C$210,İndirimler!$A$2:$A$210,B78,İndirimler!$B$2:$B$210,C78)),2),"") -> 492.15 | I78: =IF(SUMIFS(İndirimler!$D$2:$D$210,İndirimler!$A$2:$A$210,B78,İndirimler!$B$2:$B$210,C78)>0,ROUND(G78*(1-SUMIFS(İndirimler!$D$2:$D$210,İndirimler!$A$2:$A$210,B78,İndirimler!$B$2:$B$210,C78)),2),"") -> 405.3
A79: 9786057997319 | B79: Yarıçap Yayınları | C79: 9. Sınıf | D79: Matematik | F79: Soru Bankası | G79: 385 | H79: =IF(SUMIFS(İndirimler!$C$2:$C$210,İndirimler!$A$2:$A$210,B79,İndirimler!$B$2:$B$210,C79)>0,ROUND(G79*(1-SUMIFS(İndirimler!$C$2:$C$210,İndirimler!$A$2:$A$210,B79,İndirimler!$B$2:$B$210,C79)),2),"") -> 327.25 | I79: =IF(SUMIFS(İndirimler!$D$2:$D$210,İndirimler!$A$2:$A$210,B79,İndirimler!$B$2:$B$210,C79)>0,ROUND(G79*(1-SUMIFS(İndirimler!$D$2:$D$210,İndirimler!$A$2:$A$210,B79,İndirimler!$B$2:$B$210,C79)),2),"") -> 269.5
A80: 9786256040489 | B80: Çap Yayınları | C80: 9. Sınıf | D80: Matematik | E80: Tematik | F80: Soru Bankası | G80: 500 | H80: =IF(SUMIFS(İndirimler!$C$2:$C$210,İndirimler!$A$2:$A$210,B80,İndirimler!$B$2:$B$210,C80)>0,ROUND(G80*(1-SUMIFS(İndirimler!$C$2:$C$210,İndirimler!$A$2:$A$210,B80,İndirimler!$B$2:$B$210,C80)),2),"") -> 425 | I80: =IF(SUMIFS(İndirimler!$D$2:$D$210,İndirimler!$A$2:$A$210,B80,İndirimler!$B$2:$B$210,C80)>0,ROUND(G80*(1-SUMIFS(İndirimler!$D$2:$D$210,İndirimler!$A$2:$A$210,B80,İndirimler!$B$2:$B$210,C80)),2),"") -> 350 | J80: https://online.fliphtml5.com/chncu/ynai/
A81: 9786258160871 | B81: ENS Yayınları | C81: 9. Sınıf | D81: Matematik | F81: Etkinlik Kitabı | G81: 455 | H81: =IF(SUMIFS(İndirimler!$C$2:$C$210,İndirimler!$A$2:$A$210,B81,İndirimler!$B$2:$B$210,C81)>0,ROUND(G81*(1-SUMIFS(İndirimler!$C$2:$C$210,İndirimler!$A$2:$A$210,B81,İndirimler!$B$2:$B$210,C81)),2),"") -> 386.75 | I81: =IF(SUMIFS(İndirimler!$D$2:$D$210,İndirimler!$A$2:$A$210,B81,İndirimler!$B$2:$B$210,C81)>0,ROUND(G81*(1-SUMIFS(İndirimler!$D$2:$D$210,İndirimler!$A$2:$A$210,B81,İndirimler!$B$2:$B$210,C81)),2),"") -> 318.5
A82: 9786255811042 | B82: Acil Yayınları | C82: 10. Sınıf | D82: Matematik | E82: Tema | F82: Fasikül Set | G82: 689 | H82: =IF(SUMIFS(İndirimler!$C$2:$C$210,İndirimler!$A$2:$A$210,B82,İndirimler!$B$2:$B$210,C82)>0,ROUND(G82*(1-SUMIFS(İndirimler!$C$2:$C$210,İndirimler!$A$2:$A$210,B82,İndirimler!$B$2:$B$210,C82)),2),"") -> 585.65 | I82: =IF(SUMIFS(İndirimler!$D$2:$D$210,İndirimler!$A$2:$A$210,B82,İndirimler!$B$2:$B$210,C82)>0,ROUND(G82*(1-SUMIFS(İndirimler!$D$2:$D$210,İndirimler!$A$2:$A$210,B82,İndirimler!$B$2:$B$210,C82)),2),"") -> 482.3
A83: ORNEK00000010 | B83: Aktif Öğrenme Yayınları | C83: 10. Sınıf | D83: Matematik | E83: Prime | F83: Fasikül Set | H83: =IF(SUMIFS(İndirimler!$C$2:$C$210,İndirimler!$A$2:$A$210,B83,İndirimler!$B$2:$B$210,C83)>0,ROUND(G83*(1-SUMIFS(İndirimler!$C$2:$C$210,İndirimler!$A$2:$A$210,B83,İndirimler!$B$2:$B$210,C83)),2),"") -> 0 | I83: =IF(SUMIFS(İndirimler!$D$2:$D$210,İndirimler!$A$2:$A$210,B83,İndirimler!$B$2:$B$210,C83)>0,ROUND(G83*(1-SUMIFS(İndirimler!$D$2:$D$210,İndirimler!$A$2:$A$210,B83,İndirimler!$B$2:$B$210,C83)),2),"") -> 0
A84: 9786256531826 | B84: Mikro Orijinal Yayınları | C84: 10. Sınıf | D84: Matematik | E84: MÖF | F84: Fasikül Set | G84: 879 | H84: =IF(SUMIFS(İndirimler!$C$2:$C$210,İndirimler!$A$2:$A$210,B84,İndirimler!$B$2:$B$210,C84)>0,ROUND(G84*(1-SUMIFS(İndirimler!$C$2:$C$210,İndirimler!$A$2:$A$210,B84,İndirimler!$B$2:$B$210,C84)),2),"") -> 747.15 | I84: =IF(SUMIFS(İndirimler!$D$2:$D$210,İndirimler!$A$2:$A$210,B84,İndirimler!$B$2:$B$210,C84)>0,ROUND(G84*(1-SUMIFS(İndirimler!$D$2:$D$210,İndirimler!$A$2:$A$210,B84,İndirimler!$B$2:$B$210,C84)),2),"") -> 615.3
A85: 9786255708083 | B85: Orijinal Yayınları | C85: 10. Sınıf | D85: Matematik | E85: ODF | F85: Fasikül Set | G85: 849 | H85: =IF(SUMIFS(İndirimler!$C$2:$C$210,İndirimler!$A$2:$A$210,B85,İndirimler!$B$2:$B$210,C85)>0,ROUND(G85*(1-SUMIFS(İndirimler!$C$2:$C$210,İndirimler!$A$2:$A$210,B85,İndirimler!$B$2:$B$210,C85)),2),"") -> 721.65 | I85: =IF(SUMIFS(İndirimler!$D$2:$D$210,İndirimler!$A$2:$A$210,B85,İndirimler!$B$2:$B$210,C85)>0,ROUND(G85*(1-SUMIFS(İndirimler!$D$2:$D$210,İndirimler!$A$2:$A$210,B85,İndirimler!$B$2:$B$210,C85)),2),"") -> 594.3
A86: 9786259052618 | B86: Ulti Yayınları | C86: 10. Sınıf | D86: Matematik | F86: Fasikül Set | G86: 739 | H86: =IF(SUMIFS(İndirimler!$C$2:$C$210,İndirimler!$A$2:$A$210,B86,İndirimler!$B$2:$B$210,C86)>0,ROUND(G86*(1-SUMIFS(İndirimler!$C$2:$C$210,İndirimler!$A$2:$A$210,B86,İndirimler!$B$2:$B$210,C86)),2),"") -> 628.15 | I86: =IF(SUMIFS(İndirimler!$D$2:$D$210,İndirimler!$A$2:$A$210,B86,İndirimler!$B$2:$B$210,C86)>0,ROUND(G86*(1-SUMIFS(İndirimler!$D$2:$D$210,İndirimler!$A$2:$A$210,B86,İndirimler!$B$2:$B$210,C86)),2),"") -> 517.3 | J86: https://online.fliphtml5.com/kbscf/ifyh/
A87: 9786057997432 | B87: Yarıçap Yayınları | C87: 10. Sınıf | D87: Matematik | F87: Fasikül Set | G87: 755 | H87: =IF(SUMIFS(İndirimler!$C$2:$C$210,İndirimler!$A$2:$A$210,B87,İndirimler!$B$2:$B$210,C87)>0,ROUND(G87*(1-SUMIFS(İndirimler!$C$2:$C$210,İndirimler!$A$2:$A$210,B87,İndirimler!$B$2:$B$210,C87)),2),"") -> 641.75 | I87: =IF(SUMIFS(İndirimler!$D$2:$D$210,İndirimler!$A$2:$A$210,B87,İndirimler!$B$2:$B$210,C87)>0,ROUND(G87*(1-SUMIFS(İndirimler!$D$2:$D$210,İndirimler!$A$2:$A$210,B87,İndirimler!$B$2:$B$210,C87)),2),"") -> 528.5
A88: 9786255801005 | B88: Çap Yayınları | C88: 10. Sınıf | D88: Matematik | F88: Fasikül Set | G88: 779 | H88: =IF(SUMIFS(İndirimler!$C$2:$C$210,İndirimler!$A$2:$A$210,B88,İndirimler!$B$2:$B$210,C88)>0,ROUND(G88*(1-SUMIFS(İndirimler!$C$2:$C$210,İndirimler!$A$2:$A$210,B88,İndirimler!$B$2:$B$210,C88)),2),"") -> 662.15 | I88: =IF(SUMIFS(İndirimler!$D$2:$D$210,İndirimler!$A$2:$A$210,B88,İndirimler!$B$2:$B$210,C88)>0,ROUND(G88*(1-SUMIFS(İndirimler!$D$2:$D$210,İndirimler!$A$2:$A$210,B88,İndirimler!$B$2:$B$210,C88)),2),"") -> 545.3 | J88: https://online.fliphtml5.com/chncu/iosj/
A89: 9786256142138 | B89: Aydın | C89: 10. Sınıf | D89: Matematik | E89: Tematik / Ders İşleyiş Modülleri | F89: Konu Anlatımlı | G89: 592 | H89: =IF(SUMIFS(İndirimler!$C$2:$C$210,İndirimler!$A$2:$A$210,B89,İndirimler!$B$2:$B$210,C89)>0,ROUND(G89*(1-SUMIFS(İndirimler!$C$2:$C$210,İndirimler!$A$2:$A$210,B89,İndirimler!$B$2:$B$210,C89)),2),"") -> 503.2 | I89: =IF(SUMIFS(İndirimler!$D$2:$D$210,İndirimler!$A$2:$A$210,B89,İndirimler!$B$2:$B$210,C89)>0,ROUND(G89*(1-SUMIFS(İndirimler!$D$2:$D$210,İndirimler!$A$2:$A$210,B89,İndirimler!$B$2:$B$210,C89)),2),"") -> 414.4 | J89: https://online.fliphtml5.com/wrbmv/muup/#p=1
A90: 9786256457225 | B90: Eğitim Vadisi | C90: 10. Sınıf | D90: Matematik | E90: Tematik / TAK Tam Anlatım Kitabı | F90: Konu Anlatımlı | G90: 428 | H90: =IF(SUMIFS(İndirimler!$C$2:$C$210,İndirimler!$A$2:$A$210,B90,İndirimler!$B$2:$B$210,C90)>0,ROUND(G90*(1-SUMIFS(İndirimler!$C$2:$C$210,İndirimler!$A$2:$A$210,B90,İndirimler!$B$2:$B$210,C90)),2),"") -> 363.8 | I90: =IF(SUMIFS(İndirimler!$D$2:$D$210,İndirimler!$A$2:$A$210,B90,İndirimler!$B$2:$B$210,C90)>0,ROUND(G90*(1-SUMIFS(İndirimler!$D$2:$D$210,İndirimler!$A$2:$A$210,B90,İndirimler!$B$2:$B$210,C90)),2),"") -> 299.6 | J90: https://app.karakok.net/spShowFlip/2173
A91: 9786052757581 | B91: Limit | C91: 10. Sınıf | D91: Matematik | E91: Tematik | F91: Konu Anlatımlı | G91: 678 | H91: =IF(SUMIFS(İndirimler!$C$2:$C$210,İndirimler!$A$2:$A$210,B91,İndirimler!$B$2:$B$210,C91)>0,ROUND(G91*(1-SUMIFS(İndirimler!$C$2:$C$210,İndirimler!$A$2:$A$210,B91,İndirimler!$B$2:$B$210,C91)),2),"") -> 576.3 | I91: =IF(SUMIFS(İndirimler!$D$2:$D$210,İndirimler!$A$2:$A$210,B91,İndirimler!$B$2:$B$210,C91)>0,ROUND(G91*(1-SUMIFS(İndirimler!$D$2:$D$210,İndirimler!$A$2:$A$210,B91,İndirimler!$B$2:$B$210,C91)),2),"") -> 474.6 | J91: https://online.fliphtml5.com/cotrr/mdzj/
A92: 9786256142152 | B92: Miray | C92: 10. Sınıf | D92: Matematik | E92: Tematik / Ders Anlatım Fasikülleri | F92: Konu Anlatımlı | G92: 840 | H92: =IF(SUMIFS(İndirimler!$C$2:$C$210,İndirimler!$A$2:$A$210,B92,İndirimler!$B$2:$B$210,C92)>0,ROUND(G92*(1-SUMIFS(İndirimler!$C$2:$C$210,İndirimler!$A$2:$A$210,B92,İndirimler!$B$2:$B$210,C92)),2),"") -> 714 | I92: =IF(SUMIFS(İndirimler!$D$2:$D$210,İndirimler!$A$2:$A$210,B92,İndirimler!$B$2:$B$210,C92)>0,ROUND(G92*(1-SUMIFS(İndirimler!$D$2:$D$210,İndirimler!$A$2:$A$210,B92,İndirimler!$B$2:$B$210,C92)),2),"") -> 588
A93: 9786256921757 | B93: 4K | C93: 10. Sınıf | D93: Matematik | E93: Tematik | F93: Soru Bankası | G93: 498 | H93: =IF(SUMIFS(İndirimler!$C$2:$C$210,İndirimler!$A$2:$A$210,B93,İndirimler!$B$2:$B$210,C93)>0,ROUND(G93*(1-SUMIFS(İndirimler!$C$2:$C$210,İndirimler!$A$2:$A$210,B93,İndirimler!$B$2:$B$210,C93)),2),"") -> 423.3 | I93: =IF(SUMIFS(İndirimler!$D$2:$D$210,İndirimler!$A$2:$A$210,B93,İndirimler!$B$2:$B$210,C93)>0,ROUND(G93*(1-SUMIFS(İndirimler!$D$2:$D$210,İndirimler!$A$2:$A$210,B93,İndirimler!$B$2:$B$210,C93)),2),"") -> 348.6 | J93: https://app.karakok.net/spShowFlip/1921
A94: 9786255811059 | B94: Acil Yayınları | C94: 10. Sınıf | D94: Matematik | F94: Soru Bankası | G94: 465 | H94: =IF(SUMIFS(İndirimler!$C$2:$C$210,İndirimler!$A$2:$A$210,B94,İndirimler!$B$2:$B$210,C94)>0,ROUND(G94*(1-SUMIFS(İndirimler!$C$2:$C$210,İndirimler!$A$2:$A$210,B94,İndirimler!$B$2:$B$210,C94)),2),"") -> 395.25 | I94: =IF(SUMIFS(İndirimler!$D$2:$D$210,İndirimler!$A$2:$A$210,B94,İndirimler!$B$2:$B$210,C94)>0,ROUND(G94*(1-SUMIFS(İndirimler!$D$2:$D$210,İndirimler!$A$2:$A$210,B94,İndirimler!$B$2:$B$210,C94)),2),"") -> 325.5
A95: 9786255811066 | B95: Acil Yayınları | C95: 10. Sınıf | D95: Matematik | E95: Matematiğin İlacı | F95: Soru Bankası | G95: 465 | H95: =IF(SUMIFS(İndirimler!$C$2:$C$210,İndirimler!$A$2:$A$210,B95,İndirimler!$B$2:$B$210,C95)>0,ROUND(G95*(1-SUMIFS(İndirimler!$C$2:$C$210,İndirimler!$A$2:$A$210,B95,İndirimler!$B$2:$B$210,C95)),2),"") -> 395.25 | I95: =IF(SUMIFS(İndirimler!$D$2:$D$210,İndirimler!$A$2:$A$210,B95,İndirimler!$B$2:$B$210,C95)>0,ROUND(G95*(1-SUMIFS(İndirimler!$D$2:$D$210,İndirimler!$A$2:$A$210,B95,İndirimler!$B$2:$B$210,C95)),2),"") -> 325.5
A96: 9786256142145 | B96: Aydın | C96: 10. Sınıf | D96: Matematik | E96: Tematik | F96: Soru Bankası | G96: 512 | H96: =IF(SUMIFS(İndirimler!$C$2:$C$210,İndirimler!$A$2:$A$210,B96,İndirimler!$B$2:$B$210,C96)>0,ROUND(G96*(1-SUMIFS(İndirimler!$C$2:$C$210,İndirimler!$A$2:$A$210,B96,İndirimler!$B$2:$B$210,C96)),2),"") -> 435.2 | I96: =IF(SUMIFS(İndirimler!$D$2:$D$210,İndirimler!$A$2:$A$210,B96,İndirimler!$B$2:$B$210,C96)>0,ROUND(G96*(1-SUMIFS(İndirimler!$D$2:$D$210,İndirimler!$A$2:$A$210,B96,İndirimler!$B$2:$B$210,C96)),2),"") -> 358.4 | J96: https://online.fliphtml5.com/wrbmv/hicw/
A97: 9786256712430 | B97: Bilgi Sarmal Yayınları | C97: 10. Sınıf | D97: Matematik | F97: Soru Bankası | G97: 685 | H97: =IF(SUMIFS(İndirimler!$C$2:$C$210,İndirimler!$A$2:$A$210,B97,İndirimler!$B$2:$B$210,C97)>0,ROUND(G97*(1-SUMIFS(İndirimler!$C$2:$C$210,İndirimler!$A$2:$A$210,B97,İndirimler!$B$2:$B$210,C97)),2),"") -> 582.25 | I97: =IF(SUMIFS(İndirimler!$D$2:$D$210,İndirimler!$A$2:$A$210,B97,İndirimler!$B$2:$B$210,C97)>0,ROUND(G97*(1-SUMIFS(İndirimler!$D$2:$D$210,İndirimler!$A$2:$A$210,B97,İndirimler!$B$2:$B$210,C97)),2),"") -> 479.5 | J97: https://online.fliphtml5.com/udqwy/mdvp/
A98: 9786256712454 | B98: Bilgi Sarmal Yayınları | C98: 10. Sınıf | D98: Matematik | E98: Tema | F98: Konu Anlatımlı | G98: 819 | H98: =IF(SUMIFS(İndirimler!$C$2:$C$210,İndirimler!$A$2:$A$210,B98,İndirimler!$B$2:$B$210,C98)>0,ROUND(G98*(1-SUMIFS(İndirimler!$C$2:$C$210,İndirimler!$A$2:$A$210,B98,İndirimler!$B$2:$B$210,C98)),2),"") -> 696.15 | I98: =IF(SUMIFS(İndirimler!$D$2:$D$210,İndirimler!$A$2:$A$210,B98,İndirimler!$B$2:$B$210,C98)>0,ROUND(G98*(1-SUMIFS(İndirimler!$D$2:$D$210,İndirimler!$A$2:$A$210,B98,İndirimler!$B$2:$B$210,C98)),2),"") -> 573.3
A99: 9786256911314 | B99: Eğitim Vadisi | C99: 10. Sınıf | D99: Matematik | E99: Tematik / TİK Tam İzleme Kitabı | F99: Soru Bankası | G99: 428 | H99: =IF(SUMIFS(İndirimler!$C$2:$C$210,İndirimler!$A$2:$A$210,B99,İndirimler!$B$2:$B$210,C99)>0,ROUND(G99*(1-SUMIFS(İndirimler!$C$2:$C$210,İndirimler!$A$2:$A$210,B99,İndirimler!$B$2:$B$210,C99)),2),"") -> 363.8 | I99: =IF(SUMIFS(İndirimler!$D$2:$D$210,İndirimler!$A$2:$A$210,B99,İndirimler!$B$2:$B$210,C99)>0,ROUND(G99*(1-SUMIFS(İndirimler!$D$2:$D$210,İndirimler!$A$2:$A$210,B99,İndirimler!$B$2:$B$210,C99)),2),"") -> 299.6 | J99: https://app.karakok.net/spShowFlip/2250
A100: 9786259399805 | B100: Full Matematik Yayınları | C100: 10. Sınıf | D100: Matematik | F100: Soru Bankası | G100: 499 | H100: =IF(SUMIFS(İndirimler!$C$2:$C$210,İndirimler!$A$2:$A$210,B100,İndirimler!$B$2:$B$210,C100)>0,ROUND(G100*(1-SUMIFS(İndirimler!$C$2:$C$210,İndirimler!$A$2:$A$210,B100,İndirimler!$B$2:$B$210,C100)),2),"") -> 424.15 | I100: =IF(SUMIFS(İndirimler!$D$2:$D$210,İndirimler!$A$2:$A$210,B100,İndirimler!$B$2:$B$210,C100)>0,ROUND(G100*(1-SUMIFS(İndirimler!$D$2:$D$210,İndirimler!$A$2:$A$210,B100,İndirimler!$B$2:$B$210,C100)),2),"") -> 349.3
...

Sheet İndirimler
A1: Yayın | B1: Sınıf | C1: Tekli İndirim % | D1: Toplu İndirim %
A2: 4K | B2: 10. Sınıf | C2: 0.15 | D2: 0.3
A3: 4K | B3: 11. Sınıf | C3: 0.15 | D3: 0.3
A4: 4K | B4: 9. Sınıf | C4: 0.15 | D4: 0.3
A5: Acil Yayınları | B5: 10. Sınıf | C5: 0.15 | D5: 0.3
A6: Acil Yayınları | B6: 11. Sınıf | C6: 0.15 | D6: 0.3
A7: Acil Yayınları | B7: 12. Sınıf | C7: 0.15 | D7: 0.3
A8: Acil Yayınları | B8: 9. Sınıf | C8: 0.15 | D8: 0.3
A9: Acil Yayınları | B9: Maarif TYT | C9: 0.15 | D9: 0.3
A10: Aktif Öğrenme Yayınları | B10: 10. Sınıf | C10: 0.15 | D10: 0.3
A11: Aktif Öğrenme Yayınları | B11: 11. Sınıf | C11: 0.15 | D11: 0.3
A12: Aktif Öğrenme Yayınları | B12: 9. Sınıf | C12: 0.15 | D12: 0.3
A13: Aktif Öğrenme Yayınları | B13: Maarif TYT | C13: 0.15 | D13: 0.3
... A118: Süre Yayınları | B118: Maarif TYT | C118: 0.15 | D118: 0.3

Sheet Tasarım
A1: Tasarım Ayarı | B1: Değer
A2: Başlık | B2: 2026-2027 Öğretmen Fiyat Listesi
A3: Alt Başlık | B3: Dersi seçin, sınıflara ayrılmış kitapları ve fiyatları görüntüleyin.
A4: Ana Renk | B4: #173F5F
A5: Vurgu Rengi | B5: #F2B134

Sheet Kullanım
A1: Fiyat Listesi Yönetim Dosyası
A3: Nasıl kullanılır?
A4: 1 | B4: Yeni ürünü Ürünler sayfasındaki tablonun en altına ekleyin.
A5: 2 | B5: Fiyat sütunu normal satış fiyatıdır.
A6: 3 | B6: İndirimler sayfasında Yayın ve Sınıf bazında Tekli/Toplu indirim oranlarını yazın.
A7: 4 | B7: Ürünler sayfasındaki İnd ve Toplu fiyatlar otomatik hesaplanır.
A8: 5 | B8: Tanıtım Linki varsa kitap adına otomatik olarak bağlanır.
A9: 6 | B9: Dosya GitHub'a yüklendiğinde web programı ve PDF otomatik yenilenir.
A10: 7 | B10: Yeni bir yayınevi ekleyip Güncelle düğmesine bastığınızda Ayarlar listesine otomatik eklenir. Karşısındaki Kitabevi Kodu'nu seçin.
A11: 8 | B11: Logo göstermek için Sayfa Ayarları sayfasındaki Logo Linki alanına doğrudan görsel bağlantısını yapıştırın.

Sheet Ayarlar
A1: Sınıf Ayarları | D1: Kitabevi Listesi | G1: Yayınevi - Kitabevi Eşleştirmesi
A3: Sınıf | B3: Kademe | D3: Kitabevi Kodu | E3: Kitabevi Adı | G3: Yayınevi | H3: Kitabevi Kodu
A4: 5. Sınıf | B4: Ortaokul | D4: kitabevi-1 | E4: İşler Kitabevi | G4: 4K | H4: kitabevi-2
A5: 6. Sınıf | B5: Ortaokul | D5: kitabevi-2 | E5: Mega Kitabevi | G5: Acil Yayınları | H5: kitabevi-1
A6: 7. Sınıf | B6: Ortaokul | G6: Aktif Öğrenme Yayınları | H6: kitabevi-1
A7: 8. Sınıf | B7: Ortaokul | G7: Alan Yayınları | H7: kitabevi-1
A8: 9. Sınıf | B8: Lise | G8: Apotemi Yayınları | H8: kitabevi-1
A9: 10. Sınıf | B9: Lise | G9: Aydın | H9: kitabevi-2
A10: 11. Sınıf | B10: Lise | G10: Bilgi Arşivi Yayınları | H10: kitabevi-1
A11: 12. Sınıf | B11: Lise | G11: Bilgi Sarmal Yayınları | H11: kitabevi-1
A12: Maarif TYT | B12: Lise | G12: Biyotik Yayınları | H12: kitabevi-1
G13: Coğrafya Gurmesi Yayınları | H13: kitabevi-1
G14: Çap Yayınları | H14: kitabevi-1
G15: Edebiyat Sokağı Yayınları | H15: kitabevi-1
G16: Egzersiz Yayınları | H16: kitabevi-1
G17: Eğitim Vadisi | H17: kitabevi-2
G18: ENS Yayınları | H18: kitabevi-1
G19: Etkili Matematik Yayınları | H19: kitabevi-1
G20: Fizik Pedia Yayınları | H20: kitabevi-1
G21: Full Matematik Yayınları | H21: kitabevi-1
G22: Hız ve Renk Yayınları | H22: kitabevi-1
G23: Limit | H23: kitabevi-2
G24: Mikro Orijinal Yayınları | H24: kitabevi-1
... G36: Optik Yayınları | H36: kitabevi-2

Sheet Sayfa Ayarları
A1: Kitabevi Kodu | B1: Kademe | C1: Sayfa Başlığı | D1: Açıklama | E1: Ana Renk | F1: Vurgu Rengi | G1: Aktif | H1: Ana Sayfa Sırası | I1: Logo Linki | J1: Gösterilecek Diğer Liste
A2: kitabevi-1 | B2: Ortaokul | C2: İŞLER KİTABEVİ | D2: Ortaokul kitapları ve güncel fiyat listesi | E2: #8B1E2D | F2: #F2B134 | G2: Evet | H2: 1 | I2: assets/logos/isler-kitabevi.png | J2: kitabevi-2 | Ortaokul
A3: kitabevi-1 | B3: Lise | C3: İŞLER KİTABEVİ | D3: Lise kitapları ve güncel fiyat listesi | E3: #8B1E2D | F3: #F2B134 | G3: Evet | H3: 2 | I3: assets/logos/isler-kitabevi.png | J3: kitabevi-2 | Lise
A4: kitabevi-2 | B4: Ortaokul | C4: MEGA KİTABEVİ | D4: Ortaokul kitapları ve güncel fiyat listesi | E4: #211F20 | F4: #F6B500 | G4: Evet | H4: 3 | I4: assets/logos/mega-kitabevi.png | J4: Yok
A5: kitabevi-2 | B5: Lise | C5: MEGA KİTABEVİ | D5: Lise kitapları ve güncel fiyat listesi | E5: #211F20 | F5: #F6B500 | G5: Evet | H5: 4 | I5: assets/logos/mega-kitabevi.png | J5: Yok

Sheet İletişim
A1: Kitabevi Kodu | B1: Kademe | C1: Ad Soyad | D1: Telefon | E1: WhatsApp
A2: kitabevi-1 | B2: Ortaokul | C2: Aytaç Arslan | D2: 5345556747 | E2: Evet
A3: kitabevi-1 | B3: Ortaokul | C3: Emre Arslan | D3: 5466779329 | E3: Evet
A4: kitabevi-1 | B4: Lise | C4: Aytaç Arslan | D4: 5345556747 | E4: Evet
A5: kitabevi-1 | B5: Lise | C5: Emre Arslan | D5: 5466779329 | E5: Evet
A6: kitabevi-2 | B6: Ortaokul | C6: Furkan ÖZKAN | D6: 5434333319 | E6: Evet
A7: kitabevi-2 | B7: Ortaokul | E7: Evet
A8: kitabevi-2 | B8: Lise | C8: Furkan ÖZKAN | D8: 5434333319 | E8: Evet
A9: kitabevi-2 | B9: Lise | E9: Evet
